model,train_mse,val_mse,test_mse,train_mre,val_mre,test_mre
m4,9.386297225952148,7.373669624328613,3.138336181640625,10.292596817016602,10.308979988098145,8.918087005615234
