model,train_mse,val_mse,test_mse,train_mre,val_mre,test_mre
m12,4.430657386779785,13.771108627319336,6.916746139526367,7.406352996826172,8.720565795898438,11.26003360748291
