model,train_mse,val_mse,test_mse,train_mre,val_mre,test_mre
m9,17.926170349121094,16.083091735839844,7.446730136871338,14.285264015197754,16.45604133605957,24.73516273498535
