model,train_mse,val_mse,test_mse,train_mre,val_mre,test_mre
m7,10.003190040588379,9.684812545776367,8.896387100219727,8.726428985595703,7.80598783493042,7.7102508544921875
