model,train_mse,val_mse,test_mse,train_mre,val_mre,test_mre
m2,16.446186065673828,18.603784561157227,7.263450622558594,13.437644958496094,15.10369873046875,14.119078636169434
