model,train_mse,val_mse,test_mse,train_mre,val_mre,test_mre
m10,5.537298202514648,14.506696701049805,8.030436515808105,9.933995246887207,9.282773971557617,5.7018256187438965
