model,train_mse,val_mse,test_mse,train_mre,val_mre,test_mre
m11,9.910863876342773,11.720535278320312,14.632804870605469,11.24044132232666,11.79790210723877,9.599417686462402
