model,train_mse,val_mse,test_mse,train_mre,val_mre,test_mre
m9,17.471511840820312,35.657737731933594,46.40275192260742,17.664777755737305,22.283716201782227,15.564064025878906
