model,train_mse,val_mse,test_mse,train_mre,val_mre,test_mre
m9,11.070768356323242,9.723444938659668,12.820136070251465,13.090095520019531,11.177287101745605,11.073394775390625
