model,train_mse,val_mse,test_mse,train_mre,val_mre,test_mre
m12,5.119274139404297,6.35098934173584,2.4557511806488037,7.997176647186279,7.829421043395996,5.27817440032959
