model,train_mse,val_mse,test_mse,train_mre,val_mre,test_mre
m7,13.204593658447266,12.116477966308594,5.591845989227295,10.147550582885742,15.905102729797363,12.346404075622559
