model,train_mse,val_mse,test_mse,train_mre,val_mre,test_mre
m7,5.507116317749023,7.511897087097168,8.883631706237793,8.273951530456543,8.767688751220703,14.237366676330566
