model,train_mse,val_mse,test_mse,train_mre,val_mre,test_mre
m4,6.505672931671143,6.373090744018555,5.602484226226807,9.642879486083984,7.872536659240723,5.048916339874268
