model,train_mse,val_mse,test_mse,train_mre,val_mre,test_mre
m11,8.320055961608887,7.534741401672363,5.688100337982178,8.476515769958496,7.728337287902832,6.259685516357422
