model,train_mse,val_mse,test_mse,train_mre,val_mre,test_mre
m4,12.188897132873535,9.70940113067627,3.7291479110717773,13.35633659362793,14.865873336791992,16.781126022338867
