model,train_mse,val_mse,test_mse,train_mre,val_mre,test_mre
m4,8.801044464111328,9.358255386352539,2.6740710735321045,8.67068862915039,9.142024040222168,11.423851013183594
