model,train_mse,val_mse,test_mse,train_mre,val_mre,test_mre
m8,9.769845008850098,5.738583087921143,2.5897552967071533,10.646528244018555,11.31522274017334,15.32898235321045
