model,train_mse,val_mse,test_mse,train_mre,val_mre,test_mre
m10,7.6998748779296875,15.409757614135742,6.799602031707764,9.14865493774414,8.587319374084473,4.656341075897217
