model,train_mse,val_mse,test_mse,train_mre,val_mre,test_mre
m9,9.665549278259277,9.132867813110352,4.702488422393799,12.522891998291016,7.954334735870361,8.570048332214355
