model,train_mse,val_mse,test_mse,train_mre,val_mre,test_mre
m8,5.712098121643066,10.445786476135254,6.02499532699585,9.3431978225708,11.555740356445312,4.75777530670166
