model,train_mse,val_mse,test_mse,train_mre,val_mre,test_mre
m4,10.429803848266602,12.417444229125977,8.537046432495117,11.70669174194336,11.223543167114258,6.341542720794678
