model,train_mse,val_mse,test_mse,train_mre,val_mre,test_mre
m4,9.399568557739258,11.108773231506348,19.861967086791992,12.031990051269531,16.303691864013672,23.455625534057617
