model,train_mse,val_mse,test_mse,train_mre,val_mre,test_mre
m5,14.732186317443848,9.875411987304688,33.95148849487305,15.139296531677246,13.192790031433105,12.672383308410645
