model,train_mse,val_mse,test_mse,train_mre,val_mre,test_mre
m8,6.504458904266357,6.851821422576904,26.37160301208496,7.883342266082764,8.293527603149414,10.753268241882324
