model,train_mse,val_mse,test_mse,train_mre,val_mre,test_mre
m9,15.609086036682129,9.89056396484375,2.562331199645996,14.009424209594727,14.24194049835205,12.198698997497559
