model,train_mse,val_mse,test_mse,train_mre,val_mre,test_mre
m5,7.696219444274902,7.849615573883057,4.36724853515625,9.738344192504883,11.956069946289062,6.5027756690979
