model,train_mse,val_mse,test_mse,train_mre,val_mre,test_mre
m11,6.0741286277771,6.807288646697998,2.002264976501465,9.652143478393555,10.355812072753906,15.624080657958984
