model,train_mse,val_mse,test_mse,train_mre,val_mre,test_mre
m6,10.439859390258789,15.69252872467041,16.405790328979492,10.685257911682129,11.533257484436035,14.1431245803833
