model,train_mse,val_mse,test_mse,train_mre,val_mre,test_mre
m3,11.318512916564941,10.670158386230469,10.37283992767334,11.642840385437012,11.29672908782959,9.920113563537598
