model,train_mse,val_mse,test_mse,train_mre,val_mre,test_mre
m7,15.998249053955078,4.4926438331604,13.326397895812988,12.865593910217285,11.338062286376953,7.9027485847473145
