model,train_mse,val_mse,test_mse,train_mre,val_mre,test_mre
m2,15.776564598083496,26.56070899963379,33.764404296875,12.405094146728516,11.85615348815918,16.345979690551758
