model,train_mse,val_mse,test_mse,train_mre,val_mre,test_mre
m3,26.619447708129883,28.057525634765625,3.9779787063598633,18.123151779174805,17.691570281982422,17.069963455200195
