model,train_mse,val_mse,test_mse,train_mre,val_mre,test_mre
m6,12.629755020141602,11.047980308532715,2.5071523189544678,11.65577220916748,14.595219612121582,10.886807441711426
