model,train_mse,val_mse,test_mse,train_mre,val_mre,test_mre
m1,22.18796157836914,15.531996726989746,22.78847312927246,14.459577560424805,13.60538387298584,12.255839347839355
