model,train_mse,val_mse,test_mse,train_mre,val_mre,test_mre
m4,8.21861457824707,9.559528350830078,7.092772006988525,12.196855545043945,9.765623092651367,9.967511177062988
