model,train_mse,val_mse,test_mse,train_mre,val_mre,test_mre
m5,12.316099166870117,16.321958541870117,11.634325981140137,13.040949821472168,10.606770515441895,15.692423820495605
