model,train_mse,val_mse,test_mse,train_mre,val_mre,test_mre
m2,13.00744915008545,5.701858997344971,73.81430053710938,11.586828231811523,13.015490531921387,15.45583724975586
