model,train_mse,val_mse,test_mse,train_mre,val_mre,test_mre
m6,7.080230712890625,7.160805702209473,7.9027180671691895,10.278336524963379,12.664088249206543,6.781360626220703
