model,train_mse,val_mse,test_mse,train_mre,val_mre,test_mre
m4,14.153273582458496,6.018745422363281,13.363368034362793,11.343636512756348,8.821146965026855,8.179503440856934
