model,train_mse,val_mse,test_mse,train_mre,val_mre,test_mre
m4,11.402241706848145,10.339876174926758,18.006641387939453,10.934637069702148,13.848151206970215,7.3276238441467285
