model,train_mse,val_mse,test_mse,train_mre,val_mre,test_mre
m12,4.824920177459717,6.794478416442871,2.9282453060150146,7.805518627166748,11.211366653442383,4.89359712600708
