model,train_mse,val_mse,test_mse,train_mre,val_mre,test_mre
m7,9.467268943786621,4.34220552444458,17.54094886779785,12.443544387817383,9.106488227844238,9.317609786987305
