model,train_mse,val_mse,test_mse,train_mre,val_mre,test_mre
m7,13.933290481567383,14.187670707702637,21.76645851135254,11.14450454711914,13.434865951538086,11.172396659851074
