model,train_mse,val_mse,test_mse,train_mre,val_mre,test_mre
m9,18.9504451751709,22.87577247619629,19.669878005981445,13.673670768737793,11.714335441589355,16.448877334594727
