model,train_mse,val_mse,test_mse,train_mre,val_mre,test_mre
m2,16.00440216064453,16.601524353027344,13.176112174987793,16.30933380126953,14.619023323059082,8.54184341430664
