model,train_mse,val_mse,test_mse,train_mre,val_mre,test_mre
m8,9.190239906311035,6.671410083770752,5.5090107917785645,9.225569725036621,7.972507476806641,13.53287124633789
