model,train_mse,val_mse,test_mse,train_mre,val_mre,test_mre
m12,5.074349403381348,7.249557018280029,6.50139856338501,7.076566219329834,8.363846778869629,6.4057297706604
