model,train_mse,val_mse,test_mse,train_mre,val_mre,test_mre
m1,21.978580474853516,19.745176315307617,28.083044052124023,18.41910171508789,17.814950942993164,13.150859832763672
