model,train_mse,val_mse,test_mse,train_mre,val_mre,test_mre
m1,18.632450103759766,15.604094505310059,4.3802080154418945,15.961212158203125,15.08815860748291,17.646543502807617
