model,train_mse,val_mse,test_mse,train_mre,val_mre,test_mre
m9,15.65302848815918,16.987905502319336,1.3976478576660156,11.142545700073242,8.357270240783691,5.618879795074463
