model,train_mse,val_mse,test_mse,train_mre,val_mre,test_mre
m1,20.539148330688477,26.484769821166992,19.721519470214844,17.16826629638672,17.492401123046875,22.667724609375
