model,train_mse,val_mse,test_mse,train_mre,val_mre,test_mre
m4,8.959977149963379,16.616655349731445,4.776725769042969,11.301188468933105,14.012208938598633,12.629432678222656
