model,train_mse,val_mse,test_mse,train_mre,val_mre,test_mre
m7,10.290428161621094,12.27958869934082,26.356042861938477,10.530614852905273,11.9645414352417,10.452496528625488
