model,train_mse,val_mse,test_mse,train_mre,val_mre,test_mre
m12,5.814778804779053,10.535842895507812,1.1370443105697632,7.966921329498291,10.812196731567383,8.977136611938477
