model,train_mse,val_mse,test_mse,train_mre,val_mre,test_mre
m10,5.218027114868164,5.11331844329834,11.645343780517578,9.22999382019043,9.953780174255371,9.20251750946045
