model,train_mse,val_mse,test_mse,train_mre,val_mre,test_mre
m5,20.41555404663086,32.855533599853516,21.087326049804688,16.453598022460938,19.32131004333496,19.75664520263672
