model,train_mse,val_mse,test_mse,train_mre,val_mre,test_mre
m3,15.490837097167969,13.065688133239746,20.35540771484375,13.109068870544434,11.387842178344727,10.366291999816895
