model,train_mse,val_mse,test_mse,train_mre,val_mre,test_mre
m6,17.061508178710938,18.52346420288086,46.82099533081055,15.945411682128906,20.86534309387207,12.164790153503418
