model,train_mse,val_mse,test_mse,train_mre,val_mre,test_mre
m3,16.468486785888672,32.18268966674805,2.2615504264831543,12.456256866455078,13.776155471801758,16.291893005371094
