model,train_mse,val_mse,test_mse,train_mre,val_mre,test_mre
m2,14.998644828796387,16.347583770751953,7.198850631713867,10.384071350097656,12.872322082519531,12.93262004852295
