model,train_mse,val_mse,test_mse,train_mre,val_mre,test_mre
m6,10.82723617553711,19.81669807434082,31.432050704956055,12.118714332580566,13.46563720703125,10.047356605529785
