model,train_mse,val_mse,test_mse,train_mre,val_mre,test_mre
m2,8.357285499572754,6.53264856338501,22.850852966308594,11.543703079223633,12.163000106811523,15.662995338439941
