model,train_mse,val_mse,test_mse,train_mre,val_mre,test_mre
m7,8.561615943908691,14.162932395935059,9.953228950500488,11.501020431518555,11.43259048461914,7.82451868057251
