model,train_mse,val_mse,test_mse,train_mre,val_mre,test_mre
m7,4.708397388458252,7.517435073852539,3.5878756046295166,7.311511516571045,7.980844497680664,13.955833435058594
