model,train_mse,val_mse,test_mse,train_mre,val_mre,test_mre
m8,6.037412643432617,5.493343353271484,3.4957287311553955,9.591503143310547,11.359004020690918,6.245169162750244
