model,train_mse,val_mse,test_mse,train_mre,val_mre,test_mre
m9,13.21595287322998,26.5897274017334,14.681118965148926,12.590545654296875,17.509796142578125,15.773909568786621
