model,train_mse,val_mse,test_mse,train_mre,val_mre,test_mre
m10,7.479830265045166,7.206804275512695,5.85128927230835,11.301810264587402,12.901232719421387,15.459721565246582
