model,train_mse,val_mse,test_mse,train_mre,val_mre,test_mre
m4,15.156510353088379,15.302765846252441,2.191077947616577,12.118102073669434,16.611421585083008,8.348658561706543
