model,train_mse,val_mse,test_mse,train_mre,val_mre,test_mre
m3,16.37803840637207,22.16694450378418,12.375083923339844,14.818474769592285,13.481611251831055,8.831433296203613
