model,train_mse,val_mse,test_mse,train_mre,val_mre,test_mre
m12,4.903783798217773,2.2649741172790527,1.7388914823532104,7.651451587677002,6.096245288848877,4.6967291831970215
