model,train_mse,val_mse,test_mse,train_mre,val_mre,test_mre
m11,11.936871528625488,21.10780906677246,6.338883876800537,12.441718101501465,16.291629791259766,8.192806243896484
