model,train_mse,val_mse,test_mse,train_mre,val_mre,test_mre
m3,20.849599838256836,19.47874641418457,54.18431091308594,16.445384979248047,12.329914093017578,9.562005043029785
