model,train_mse,val_mse,test_mse,train_mre,val_mre,test_mre
m6,8.827644348144531,17.228967666625977,17.899337768554688,12.155413627624512,13.079256057739258,17.2261962890625
