model,train_mse,val_mse,test_mse,train_mre,val_mre,test_mre
m9,8.026155471801758,7.065112590789795,7.400455951690674,8.566896438598633,7.973155498504639,7.3099822998046875
