model,train_mse,val_mse,test_mse,train_mre,val_mre,test_mre
m4,8.035600662231445,11.827210426330566,12.888571739196777,9.36296558380127,10.114448547363281,12.370410919189453
