model,train_mse,val_mse,test_mse,train_mre,val_mre,test_mre
m12,4.746550559997559,6.849123477935791,6.769832611083984,9.287540435791016,9.942910194396973,5.957028865814209
