model,train_mse,val_mse,test_mse,train_mre,val_mre,test_mre
m4,11.296878814697266,10.060458183288574,8.072981834411621,10.079975128173828,11.278109550476074,10.183113098144531
