model,train_mse,val_mse,test_mse,train_mre,val_mre,test_mre
m7,13.521729469299316,10.372828483581543,10.471953392028809,13.515846252441406,10.4127779006958,6.710357189178467
