model,train_mse,val_mse,test_mse,train_mre,val_mre,test_mre
m11,5.438338279724121,8.081924438476562,3.7453901767730713,7.097698211669922,6.323799133300781,6.3228440284729
