model,train_mse,val_mse,test_mse,train_mre,val_mre,test_mre
m8,6.549737930297852,8.487770080566406,3.948587656021118,9.70781135559082,11.362821578979492,5.052459716796875
