model,train_mse,val_mse,test_mse,train_mre,val_mre,test_mre
m3,15.664731979370117,13.689224243164062,10.44757080078125,13.246789932250977,8.96447467803955,13.04222583770752
