model,train_mse,val_mse,test_mse,train_mre,val_mre,test_mre
m9,10.296923637390137,8.851338386535645,8.83785343170166,11.055865287780762,10.844625473022461,8.81432056427002
