model,train_mse,val_mse,test_mse,train_mre,val_mre,test_mre
m10,6.513320446014404,9.60942554473877,8.697800636291504,11.497596740722656,15.017282485961914,15.026725769042969
