model,train_mse,val_mse,test_mse,train_mre,val_mre,test_mre
m12,4.583836555480957,3.7236125469207764,3.8898017406463623,7.358249187469482,6.398966312408447,7.4839043617248535
