model,train_mse,val_mse,test_mse,train_mre,val_mre,test_mre
m3,19.679080963134766,17.57027816772461,47.77351760864258,15.513651847839355,15.887238502502441,29.082862854003906
