model,train_mse,val_mse,test_mse,train_mre,val_mre,test_mre
m6,9.779135704040527,11.940902709960938,6.3359761238098145,12.073453903198242,9.923054695129395,10.202927589416504
