model,train_mse,val_mse,test_mse,train_mre,val_mre,test_mre
m1,19.687368392944336,24.729862213134766,43.38969802856445,15.558280944824219,14.407124519348145,9.313461303710938
