model,train_mse,val_mse,test_mse,train_mre,val_mre,test_mre
m9,9.023310661315918,14.958059310913086,12.17174243927002,11.087043762207031,12.779351234436035,8.670233726501465
