model,train_mse,val_mse,test_mse,train_mre,val_mre,test_mre
m3,13.191083908081055,11.2571439743042,16.528406143188477,11.966095924377441,11.111409187316895,19.79233741760254
