model,train_mse,val_mse,test_mse,train_mre,val_mre,test_mre
m9,11.406357765197754,18.946178436279297,10.820204734802246,10.024968147277832,13.008580207824707,15.26510238647461
