model,train_mse,val_mse,test_mse,train_mre,val_mre,test_mre
m2,6.712091445922852,8.481584548950195,6.484357833862305,10.73517894744873,12.87895393371582,6.734470367431641
