model,train_mse,val_mse,test_mse,train_mre,val_mre,test_mre
m3,13.702290534973145,25.953369140625,45.25152587890625,11.088457107543945,14.750856399536133,16.17722511291504
