model,train_mse,val_mse,test_mse,train_mre,val_mre,test_mre
m12,4.535675048828125,2.910010814666748,4.529327869415283,7.887485980987549,8.021754264831543,8.163185119628906
