model,train_mse,val_mse,test_mse,train_mre,val_mre,test_mre
m7,10.94759464263916,5.029869079589844,4.505268573760986,9.542181968688965,10.455187797546387,10.389387130737305
