model,train_mse,val_mse,test_mse,train_mre,val_mre,test_mre
m8,8.436090469360352,7.102787017822266,11.679518699645996,7.2234625816345215,8.049213409423828,6.494266510009766
