model,train_mse,val_mse,test_mse,train_mre,val_mre,test_mre
m6,11.873101234436035,10.868799209594727,2.836935043334961,11.221632957458496,9.651702880859375,13.526763916015625
