model,train_mse,val_mse,test_mse,train_mre,val_mre,test_mre
m3,16.697795867919922,26.228473663330078,29.88808250427246,15.324493408203125,18.624530792236328,17.904111862182617
