model,train_mse,val_mse,test_mse,train_mre,val_mre,test_mre
m11,7.31376838684082,8.813016891479492,7.4735870361328125,10.073973655700684,8.150094985961914,12.085484504699707
