model,train_mse,val_mse,test_mse,train_mre,val_mre,test_mre
m5,15.868512153625488,20.08257484436035,13.702255249023438,15.204794883728027,13.67546558380127,8.564038276672363
