model,train_mse,val_mse,test_mse,train_mre,val_mre,test_mre
m4,7.714559555053711,4.505436420440674,8.628218650817871,12.601299285888672,9.377280235290527,16.57610321044922
