model,train_mse,val_mse,test_mse,train_mre,val_mre,test_mre
m4,12.21275520324707,6.100074291229248,28.42340087890625,11.274200439453125,9.359299659729004,9.368518829345703
