model,train_mse,val_mse,test_mse,train_mre,val_mre,test_mre
m2,16.127918243408203,23.41227149963379,30.18241310119629,14.660233497619629,24.221431732177734,7.609034061431885
