model,train_mse,val_mse,test_mse,train_mre,val_mre,test_mre
m12,3.654243230819702,9.666156768798828,4.755401134490967,7.759655952453613,10.14858627319336,5.071665287017822
