model,train_mse,val_mse,test_mse,train_mre,val_mre,test_mre
m12,4.4301838874816895,5.375874996185303,6.896273136138916,9.1495943069458,8.81411075592041,5.852880477905273
