model,train_mse,val_mse,test_mse,train_mre,val_mre,test_mre
m5,5.509206295013428,2.8324854373931885,2.2628138065338135,9.679801940917969,8.59006404876709,8.159071922302246
