model,train_mse,val_mse,test_mse,train_mre,val_mre,test_mre
m11,7.553228378295898,8.409414291381836,18.574377059936523,9.789695739746094,9.730363845825195,9.2920560836792
