model,train_mse,val_mse,test_mse,train_mre,val_mre,test_mre
m9,8.803260803222656,8.591522216796875,12.452632904052734,12.769798278808594,14.1722993850708,7.8659234046936035
