model,train_mse,val_mse,test_mse,train_mre,val_mre,test_mre
m8,7.7392897605896,12.70469856262207,4.365302085876465,9.653486251831055,10.941658973693848,6.670022964477539
