model,train_mse,val_mse,test_mse,train_mre,val_mre,test_mre
m6,15.460633277893066,9.847859382629395,15.416980743408203,15.084169387817383,16.181333541870117,9.202408790588379
