model,train_mse,val_mse,test_mse,train_mre,val_mre,test_mre
m9,16.812026977539062,23.387752532958984,3.643453359603882,15.683131217956543,16.68534278869629,16.555482864379883
