model,train_mse,val_mse,test_mse,train_mre,val_mre,test_mre
m1,13.373889923095703,11.984115600585938,12.708876609802246,14.960338592529297,20.262788772583008,21.026729583740234
