model,train_mse,val_mse,test_mse,train_mre,val_mre,test_mre
m3,11.138415336608887,10.410155296325684,6.5054097175598145,9.670597076416016,10.103487968444824,7.323258876800537
