model,train_mse,val_mse,test_mse,train_mre,val_mre,test_mre
m9,8.208650588989258,8.202215194702148,2.5734479427337646,10.851571083068848,10.203228950500488,12.611491203308105
