model,train_mse,val_mse,test_mse,train_mre,val_mre,test_mre
m4,13.474546432495117,8.993661880493164,12.388087272644043,14.707980155944824,13.812407493591309,11.00206470489502
