model,train_mse,val_mse,test_mse,train_mre,val_mre,test_mre
m12,7.961571216583252,8.573506355285645,8.954949378967285,9.366817474365234,10.543851852416992,7.958030700683594
