model,train_mse,val_mse,test_mse,train_mre,val_mre,test_mre
m6,9.1580171585083,6.238124370574951,2.0302786827087402,10.204630851745605,11.899506568908691,14.257381439208984
