model,train_mse,val_mse,test_mse,train_mre,val_mre,test_mre
m10,9.797168731689453,9.586685180664062,9.758408546447754,11.062725067138672,14.124170303344727,10.171320915222168
