model,train_mse,val_mse,test_mse,train_mre,val_mre,test_mre
m3,19.76146697998047,15.805912971496582,10.212544441223145,13.324872016906738,8.309215545654297,9.790921211242676
