model,train_mse,val_mse,test_mse,train_mre,val_mre,test_mre
m9,9.147115707397461,7.79986047744751,4.089053630828857,10.93001651763916,8.430855751037598,8.962873458862305
