model,train_mse,val_mse,test_mse,train_mre,val_mre,test_mre
m11,5.587281703948975,6.015227794647217,19.037927627563477,10.486957550048828,7.843942642211914,9.281371116638184
