model,train_mse,val_mse,test_mse,train_mre,val_mre,test_mre
m5,16.462129592895508,19.163673400878906,15.83551025390625,14.333806037902832,10.15630054473877,12.359881401062012
