model,train_mse,val_mse,test_mse,train_mre,val_mre,test_mre
m8,8.20964241027832,5.043485641479492,6.1473212242126465,9.689891815185547,9.393988609313965,5.611639499664307
