model,train_mse,val_mse,test_mse,train_mre,val_mre,test_mre
m7,5.911825656890869,5.259836673736572,9.953507423400879,8.200608253479004,9.230439186096191,9.806987762451172
