model,train_mse,val_mse,test_mse,train_mre,val_mre,test_mre
m8,8.25851058959961,12.981121063232422,7.470169544219971,10.82626724243164,13.23099422454834,6.365819931030273
