model,train_mse,val_mse,test_mse,train_mre,val_mre,test_mre
m1,13.506229400634766,21.028352737426758,11.209656715393066,14.716279029846191,15.550368309020996,6.938867568969727
