model,train_mse,val_mse,test_mse,train_mre,val_mre,test_mre
m1,19.291269302368164,36.94378662109375,22.962646484375,16.179685592651367,17.546091079711914,12.680854797363281
