model,train_mse,val_mse,test_mse,train_mre,val_mre,test_mre
m8,6.175675392150879,7.734943866729736,3.3733530044555664,7.855489730834961,8.74005126953125,8.123908042907715
