model,train_mse,val_mse,test_mse,train_mre,val_mre,test_mre
m9,16.406354904174805,11.811625480651855,9.23379898071289,14.173137664794922,9.802631378173828,15.718318939208984
