model,train_mse,val_mse,test_mse,train_mre,val_mre,test_mre
m3,11.044517517089844,14.29284954071045,21.61061668395996,10.773260116577148,9.90092658996582,10.262212753295898
