model,train_mse,val_mse,test_mse,train_mre,val_mre,test_mre
m9,7.840536594390869,4.817257404327393,8.691746711730957,9.62352466583252,9.36398696899414,8.056527137756348
