model,train_mse,val_mse,test_mse,train_mre,val_mre,test_mre
m6,7.010102272033691,5.508487224578857,3.0438175201416016,8.530516624450684,5.859157562255859,6.3439040184021
