model,train_mse,val_mse,test_mse,train_mre,val_mre,test_mre
m4,13.020277976989746,11.237029075622559,20.161344528198242,14.93034553527832,19.32566261291504,11.077189445495605
