model,train_mse,val_mse,test_mse,train_mre,val_mre,test_mre
m6,9.293136596679688,15.418427467346191,5.912189960479736,9.50232982635498,9.91333293914795,6.736466884613037
