model,train_mse,val_mse,test_mse,train_mre,val_mre,test_mre
m2,20.961687088012695,27.187171936035156,8.08284854888916,16.41584587097168,18.048160552978516,16.83416175842285
