model,train_mse,val_mse,test_mse,train_mre,val_mre,test_mre
m5,16.902233123779297,28.58293342590332,7.127466201782227,15.012337684631348,25.309715270996094,12.091479301452637
