model,train_mse,val_mse,test_mse,train_mre,val_mre,test_mre
m11,4.784346580505371,4.244888782501221,9.438729286193848,9.48619270324707,8.110231399536133,6.085266590118408
