model,train_mse,val_mse,test_mse,train_mre,val_mre,test_mre
m3,14.168190956115723,18.502437591552734,12.58722972869873,18.49508285522461,21.16780662536621,16.019472122192383
