model,train_mse,val_mse,test_mse,train_mre,val_mre,test_mre
m11,7.675757884979248,8.655110359191895,30.73118019104004,8.59703540802002,8.88359546661377,11.620322227478027
