model,train_mse,val_mse,test_mse,train_mre,val_mre,test_mre
m4,11.108795166015625,9.413501739501953,5.099489688873291,9.064549446105957,9.569369316101074,5.8069748878479
