model,train_mse,val_mse,test_mse,train_mre,val_mre,test_mre
m3,14.138068199157715,11.84493350982666,11.421372413635254,10.705411911010742,14.341716766357422,6.838527202606201
