model,train_mse,val_mse,test_mse,train_mre,val_mre,test_mre
m3,17.661231994628906,25.313329696655273,7.28112268447876,13.097672462463379,16.38416862487793,15.118972778320312
