model,train_mse,val_mse,test_mse,train_mre,val_mre,test_mre
m10,8.503241539001465,9.139069557189941,0.8577939867973328,8.638026237487793,9.340606689453125,5.086157321929932
