model,train_mse,val_mse,test_mse,train_mre,val_mre,test_mre
m1,19.405763626098633,29.9112548828125,6.6595377922058105,17.761695861816406,20.53010368347168,8.484125137329102
