model,train_mse,val_mse,test_mse,train_mre,val_mre,test_mre
m1,20.373350143432617,32.97525405883789,2.6464779376983643,16.719989776611328,19.015947341918945,15.443190574645996
