model,train_mse,val_mse,test_mse,train_mre,val_mre,test_mre
m9,14.219058990478516,18.5092716217041,10.835189819335938,11.893525123596191,12.229732513427734,17.769804000854492
