model,train_mse,val_mse,test_mse,train_mre,val_mre,test_mre
m7,15.088726997375488,12.420087814331055,19.65168571472168,16.964126586914062,15.75777816772461,19.08123779296875
