model,train_mse,val_mse,test_mse,train_mre,val_mre,test_mre
m1,18.058164596557617,15.996256828308105,39.32477569580078,19.099971771240234,20.532012939453125,26.881919860839844
