model,train_mse,val_mse,test_mse,train_mre,val_mre,test_mre
m6,11.94529914855957,11.07705020904541,9.325825691223145,15.18733024597168,16.502914428710938,5.8626251220703125
