model,train_mse,val_mse,test_mse,train_mre,val_mre,test_mre
m2,10.460779190063477,9.025774955749512,6.789674282073975,12.614241600036621,11.23652172088623,23.56507682800293
