model,train_mse,val_mse,test_mse,train_mre,val_mre,test_mre
m9,6.602579593658447,7.686910152435303,14.069592475891113,8.639391899108887,9.776201248168945,6.0661163330078125
