model,train_mse,val_mse,test_mse,train_mre,val_mre,test_mre
m3,16.06430435180664,19.51668357849121,21.73897361755371,14.662638664245605,17.343183517456055,7.894313812255859
