model,train_mse,val_mse,test_mse,train_mre,val_mre,test_mre
m9,9.828695297241211,10.573970794677734,6.22718620300293,12.589746475219727,11.28194808959961,7.280468463897705
