model,train_mse,val_mse,test_mse,train_mre,val_mre,test_mre
m3,17.652854919433594,25.68144989013672,12.999650001525879,15.559760093688965,19.75835418701172,11.48145580291748
