model,train_mse,val_mse,test_mse,train_mre,val_mre,test_mre
m3,16.762903213500977,37.31735610961914,55.782257080078125,13.995550155639648,12.585912704467773,14.834681510925293
