model,train_mse,val_mse,test_mse,train_mre,val_mre,test_mre
m12,6.16730260848999,4.673110008239746,10.443434715270996,9.084238052368164,7.578988075256348,6.408833980560303
