model,train_mse,val_mse,test_mse,train_mre,val_mre,test_mre
m12,5.777627468109131,9.908747673034668,3.4121782779693604,7.299319267272949,10.246461868286133,9.564623832702637
