model,train_mse,val_mse,test_mse,train_mre,val_mre,test_mre
m11,9.10791015625,8.13647174835205,5.51520299911499,12.897584915161133,12.932820320129395,13.244148254394531
