model,train_mse,val_mse,test_mse,train_mre,val_mre,test_mre
m2,12.677207946777344,18.775081634521484,13.7225341796875,11.08001708984375,11.083219528198242,7.911366939544678
