model,train_mse,val_mse,test_mse,train_mre,val_mre,test_mre
m6,13.880529403686523,22.957910537719727,18.97129249572754,14.781449317932129,15.242573738098145,11.570845603942871
