model,train_mse,val_mse,test_mse,train_mre,val_mre,test_mre
m11,5.2613749504089355,9.473321914672852,3.516331434249878,8.557660102844238,11.050008773803711,8.89755916595459
