model,train_mse,val_mse,test_mse,train_mre,val_mre,test_mre
m8,6.296842098236084,7.016908168792725,4.977993011474609,8.692146301269531,7.520348072052002,10.52790355682373
