model,train_mse,val_mse,test_mse,train_mre,val_mre,test_mre
m12,7.117887496948242,5.731537342071533,13.804875373840332,8.421418190002441,9.713499069213867,8.392022132873535
