model,train_mse,val_mse,test_mse,train_mre,val_mre,test_mre
m2,14.187761306762695,22.636377334594727,20.23967933654785,9.406780242919922,14.16074275970459,13.133155822753906
