model,train_mse,val_mse,test_mse,train_mre,val_mre,test_mre
m4,9.107929229736328,12.994396209716797,10.24902629852295,8.963788986206055,9.239158630371094,15.549464225769043
