model,train_mse,val_mse,test_mse,train_mre,val_mre,test_mre
m11,4.580141067504883,7.699576377868652,12.124455451965332,10.538532257080078,9.767205238342285,7.766077518463135
