model,train_mse,val_mse,test_mse,train_mre,val_mre,test_mre
m8,8.35057544708252,7.562612056732178,2.151296615600586,10.464531898498535,13.339484214782715,14.667671203613281
