model,train_mse,val_mse,test_mse,train_mre,val_mre,test_mre
m2,8.634510040283203,10.576997756958008,11.649642944335938,12.050711631774902,19.574560165405273,21.044401168823242
