model,train_mse,val_mse,test_mse,train_mre,val_mre,test_mre
m1,7.527282238006592,9.009570121765137,50.923763275146484,9.818050384521484,8.550997734069824,13.401642799377441
