model,train_mse,val_mse,test_mse,train_mre,val_mre,test_mre
m3,8.925405502319336,9.582345962524414,4.62165641784668,10.279803276062012,9.786993026733398,11.335610389709473
