model,train_mse,val_mse,test_mse,train_mre,val_mre,test_mre
m4,5.334877967834473,7.772093296051025,16.39119529724121,8.160811424255371,7.778830528259277,9.885876655578613
