model,train_mse,val_mse,test_mse,train_mre,val_mre,test_mre
m4,7.0182647705078125,5.668774127960205,2.468818426132202,11.550576210021973,12.881305694580078,18.80862045288086
