model,train_mse,val_mse,test_mse,train_mre,val_mre,test_mre
m7,13.6778564453125,8.925410270690918,11.026023864746094,13.257122993469238,15.249579429626465,7.530493259429932
