model,train_mse,val_mse,test_mse,train_mre,val_mre,test_mre
m7,6.140705108642578,3.431104898452759,5.117956638336182,8.756115913391113,12.261405944824219,7.333365440368652
