model,train_mse,val_mse,test_mse,train_mre,val_mre,test_mre
m11,6.47470760345459,4.764584541320801,6.783660888671875,7.529393672943115,8.74853515625,5.2733306884765625
