model,train_mse,val_mse,test_mse,train_mre,val_mre,test_mre
m2,18.057632446289062,22.49942398071289,9.824321746826172,17.3337345123291,13.514266967773438,19.459259033203125
