model,train_mse,val_mse,test_mse,train_mre,val_mre,test_mre
m8,5.257252216339111,5.880603790283203,5.591207027435303,7.937655448913574,13.7494535446167,14.929903984069824
