model,train_mse,val_mse,test_mse,train_mre,val_mre,test_mre
m2,9.66922664642334,12.214126586914062,12.411831855773926,16.097986221313477,25.90958595275879,6.279792785644531
