model,train_mse,val_mse,test_mse,train_mre,val_mre,test_mre
m7,6.256039619445801,6.55883264541626,2.2910947799682617,9.666607856750488,10.613816261291504,16.520050048828125
