model,train_mse,val_mse,test_mse,train_mre,val_mre,test_mre
m11,5.504586219787598,16.33443832397461,3.5677216053009033,6.7774128913879395,8.047938346862793,10.100075721740723
