model,train_mse,val_mse,test_mse,train_mre,val_mre,test_mre
m11,5.1905517578125,5.375505447387695,2.3420732021331787,8.256242752075195,6.904383182525635,12.1212739944458
