model,train_mse,val_mse,test_mse,train_mre,val_mre,test_mre
m1,16.981828689575195,17.257568359375,3.6185662746429443,11.472651481628418,12.125889778137207,7.791543483734131
