model,train_mse,val_mse,test_mse,train_mre,val_mre,test_mre
m2,23.672523498535156,20.146202087402344,15.89999008178711,20.588302612304688,19.700077056884766,7.588520050048828
