model,train_mse,val_mse,test_mse,train_mre,val_mre,test_mre
m9,18.295930862426758,15.558124542236328,13.560906410217285,12.941231727600098,15.207978248596191,6.146176815032959
