model,train_mse,val_mse,test_mse,train_mre,val_mre,test_mre
m7,17.35697364807129,18.473329544067383,55.31650924682617,15.875727653503418,16.393144607543945,10.38784122467041
