model,train_mse,val_mse,test_mse,train_mre,val_mre,test_mre
m9,6.096684455871582,15.075883865356445,12.977664947509766,9.27916431427002,10.709877014160156,12.834932327270508
