model,train_mse,val_mse,test_mse,train_mre,val_mre,test_mre
m6,8.588912010192871,5.55717134475708,8.339288711547852,9.935404777526855,7.881120681762695,12.719986915588379
