model,train_mse,val_mse,test_mse,train_mre,val_mre,test_mre
m5,15.045252799987793,8.95153522491455,6.770124912261963,12.756911277770996,13.166828155517578,8.849102973937988
