model,train_mse,val_mse,test_mse,train_mre,val_mre,test_mre
m5,6.372829914093018,6.284427642822266,7.216411113739014,8.960127830505371,9.899938583374023,5.806730270385742
