model,train_mse,val_mse,test_mse,train_mre,val_mre,test_mre
m1,16.576494216918945,21.332115173339844,7.1904425621032715,16.246051788330078,20.789623260498047,28.470693588256836
