model,train_mse,val_mse,test_mse,train_mre,val_mre,test_mre
m6,18.98316764831543,14.953046798706055,1.9959684610366821,13.84652328491211,11.920613288879395,12.568657875061035
