model,train_mse,val_mse,test_mse,train_mre,val_mre,test_mre
m6,5.512169361114502,11.04488468170166,8.492463111877441,7.647457122802734,8.942081451416016,9.202606201171875
