model,train_mse,val_mse,test_mse,train_mre,val_mre,test_mre
m5,14.670428276062012,14.90739917755127,16.227285385131836,13.706212997436523,13.335189819335938,20.165184020996094
