model,train_mse,val_mse,test_mse,train_mre,val_mre,test_mre
m5,10.13107967376709,12.125239372253418,20.042484283447266,11.064004898071289,13.12151050567627,15.149983406066895
