model,train_mse,val_mse,test_mse,train_mre,val_mre,test_mre
m12,4.414900779724121,5.074782848358154,2.7138757705688477,7.708180904388428,6.910743236541748,8.540081977844238
