model,train_mse,val_mse,test_mse,train_mre,val_mre,test_mre
m8,6.353188514709473,8.413634300231934,8.413596153259277,11.570314407348633,10.844232559204102,14.783554077148438
