model,train_mse,val_mse,test_mse,train_mre,val_mre,test_mre
m3,19.31879997253418,24.751705169677734,9.061341285705566,16.344791412353516,12.75190258026123,10.673882484436035
