model,train_mse,val_mse,test_mse,train_mre,val_mre,test_mre
m10,6.427705764770508,5.455111980438232,17.630897521972656,9.620074272155762,9.284186363220215,14.386313438415527
