model,train_mse,val_mse,test_mse,train_mre,val_mre,test_mre
m11,6.154962062835693,6.249015808105469,5.067899703979492,7.840390205383301,7.618425369262695,8.103830337524414
