model,train_mse,val_mse,test_mse,train_mre,val_mre,test_mre
m9,14.872405052185059,22.221126556396484,3.293903350830078,11.937013626098633,15.70145034790039,9.046534538269043
