model,train_mse,val_mse,test_mse,train_mre,val_mre,test_mre
m3,18.458539962768555,11.0369291305542,48.09367752075195,13.988283157348633,14.015029907226562,29.378005981445312
