model,train_mse,val_mse,test_mse,train_mre,val_mre,test_mre
m4,15.755149841308594,12.624696731567383,4.167093276977539,11.479658126831055,7.666582107543945,8.37140941619873
