model,train_mse,val_mse,test_mse,train_mre,val_mre,test_mre
m3,20.952407836914062,11.81244945526123,20.03090476989746,19.086734771728516,14.137299537658691,10.05557918548584
