model,train_mse,val_mse,test_mse,train_mre,val_mre,test_mre
m1,17.64438819885254,14.597658157348633,19.172746658325195,22.502607345581055,30.590425491333008,50.66339111328125
