model,train_mse,val_mse,test_mse,train_mre,val_mre,test_mre
m1,18.996849060058594,19.06142234802246,11.382901191711426,22.39765167236328,25.211448669433594,21.6106014251709
