model,train_mse,val_mse,test_mse,train_mre,val_mre,test_mre
m8,6.638864040374756,9.510299682617188,13.689824104309082,10.631107330322266,10.470918655395508,7.503795623779297
