model,train_mse,val_mse,test_mse,train_mre,val_mre,test_mre
m2,14.257481575012207,14.432549476623535,8.011448860168457,13.591325759887695,13.519086837768555,11.733291625976562
