model,train_mse,val_mse,test_mse,train_mre,val_mre,test_mre
m10,8.68004322052002,3.7567732334136963,8.899673461914062,10.731118202209473,9.764113426208496,5.275534152984619
