model,train_mse,val_mse,test_mse,train_mre,val_mre,test_mre
m4,8.854945182800293,11.861810684204102,15.766196250915527,9.909539222717285,7.758423805236816,9.910050392150879
