model,train_mse,val_mse,test_mse,train_mre,val_mre,test_mre
m8,4.538280963897705,4.512814044952393,9.20087718963623,7.104101181030273,6.895546913146973,4.666509628295898
