model,train_mse,val_mse,test_mse,train_mre,val_mre,test_mre
m5,11.762775421142578,12.178709030151367,5.509941577911377,11.912797927856445,11.804011344909668,13.224810600280762
