model,train_mse,val_mse,test_mse,train_mre,val_mre,test_mre
m5,15.448285102844238,12.999785423278809,6.3025970458984375,14.88306999206543,12.092873573303223,15.501144409179688
