model,train_mse,val_mse,test_mse,train_mre,val_mre,test_mre
m8,10.628498077392578,12.159104347229004,3.9957306385040283,9.532976150512695,9.98425579071045,8.766427993774414
