model,train_mse,val_mse,test_mse,train_mre,val_mre,test_mre
m5,17.785612106323242,10.214715003967285,19.297914505004883,11.12592887878418,8.288833618164062,11.221331596374512
