model,train_mse,val_mse,test_mse,train_mre,val_mre,test_mre
m11,9.301816940307617,11.58316707611084,20.836713790893555,11.603853225708008,14.542901039123535,8.262008666992188
