model,train_mse,val_mse,test_mse,train_mre,val_mre,test_mre
m8,10.522821426391602,7.492863655090332,15.312520027160645,9.786822319030762,8.998136520385742,13.452865600585938
