model,train_mse,val_mse,test_mse,train_mre,val_mre,test_mre
m7,12.174078941345215,10.408740043640137,10.39781379699707,9.947352409362793,14.388955116271973,7.810003757476807
