model,train_mse,val_mse,test_mse,train_mre,val_mre,test_mre
m12,4.2524590492248535,6.363984107971191,3.0300076007843018,8.613924026489258,8.816181182861328,6.948736667633057
