model,train_mse,val_mse,test_mse,train_mre,val_mre,test_mre
m2,13.971842765808105,18.877098083496094,2.9075772762298584,11.17844295501709,11.203895568847656,9.314665794372559
