model,train_mse,val_mse,test_mse,train_mre,val_mre,test_mre
m6,9.55875015258789,17.607126235961914,22.765050888061523,11.305499076843262,12.035459518432617,9.06773567199707
