model,train_mse,val_mse,test_mse,train_mre,val_mre,test_mre
m4,12.267374992370605,17.206539154052734,10.915915489196777,10.627056121826172,9.632158279418945,6.884535312652588
