model,train_mse,val_mse,test_mse,train_mre,val_mre,test_mre
m3,22.254865646362305,35.21356201171875,16.380300521850586,17.88927459716797,13.442253112792969,14.701563835144043
