model,train_mse,val_mse,test_mse,train_mre,val_mre,test_mre
m7,7.858942031860352,13.780755043029785,37.507938385009766,10.387286186218262,12.825393676757812,10.628989219665527
