model,train_mse,val_mse,test_mse,train_mre,val_mre,test_mre
m4,4.488667964935303,11.058696746826172,14.240236282348633,8.553479194641113,11.93153190612793,8.059255599975586
