model,train_mse,val_mse,test_mse,train_mre,val_mre,test_mre
m5,9.1432523727417,10.070216178894043,11.147761344909668,10.251446723937988,11.425128936767578,9.104351043701172
