model,train_mse,val_mse,test_mse,train_mre,val_mre,test_mre
m11,5.718911647796631,16.428220748901367,3.3487491607666016,8.343462944030762,8.770790100097656,5.015597820281982
