model,train_mse,val_mse,test_mse,train_mre,val_mre,test_mre
m3,15.398884773254395,17.340036392211914,6.712820529937744,14.474169731140137,15.048820495605469,14.969132423400879
