model,train_mse,val_mse,test_mse,train_mre,val_mre,test_mre
m7,8.5021333694458,12.413074493408203,45.60388946533203,9.294317245483398,10.498467445373535,13.176506996154785
