model,train_mse,val_mse,test_mse,train_mre,val_mre,test_mre
m4,11.952800750732422,5.591470718383789,19.023923873901367,9.717023849487305,8.41041088104248,14.223481178283691
