model,train_mse,val_mse,test_mse,train_mre,val_mre,test_mre
m10,15.00247573852539,17.06630516052246,16.95646858215332,16.660640716552734,16.385828018188477,9.448393821716309
