model,train_mse,val_mse,test_mse,train_mre,val_mre,test_mre
m7,3.946789503097534,4.151549339294434,2.4133460521698,7.059680938720703,7.23762845993042,7.661740779876709
