model,train_mse,val_mse,test_mse,train_mre,val_mre,test_mre
m9,10.931096076965332,11.19512939453125,28.628087997436523,14.519426345825195,11.508614540100098,14.50800609588623
