model,train_mse,val_mse,test_mse,train_mre,val_mre,test_mre
m10,5.538432598114014,7.30398416519165,4.0067009925842285,8.446788787841797,8.712797164916992,9.572433471679688
