model,train_mse,val_mse,test_mse,train_mre,val_mre,test_mre
m6,12.072380065917969,13.541632652282715,5.520094394683838,11.226401329040527,12.671028137207031,11.909138679504395
