model,train_mse,val_mse,test_mse,train_mre,val_mre,test_mre
m12,4.859057903289795,2.805995464324951,4.260678768157959,7.424319267272949,8.611117362976074,8.564666748046875
