model,train_mse,val_mse,test_mse,train_mre,val_mre,test_mre
m7,13.072339057922363,11.743757247924805,3.0484225749969482,14.042622566223145,13.85982608795166,12.238590240478516
