model,train_mse,val_mse,test_mse,train_mre,val_mre,test_mre
m7,8.317849159240723,7.993095397949219,9.048481941223145,10.090338706970215,10.24722671508789,5.497755527496338
