model,train_mse,val_mse,test_mse,train_mre,val_mre,test_mre
m6,7.229063034057617,11.485016822814941,8.343987464904785,9.580249786376953,9.509804725646973,6.855462551116943
