model,train_mse,val_mse,test_mse,train_mre,val_mre,test_mre
m8,7.710795879364014,11.106765747070312,16.415857315063477,9.225213050842285,10.397558212280273,11.254310607910156
