model,train_mse,val_mse,test_mse,train_mre,val_mre,test_mre
m6,12.876401901245117,11.083797454833984,7.52496337890625,12.931201934814453,19.256206512451172,11.402689933776855
