model,train_mse,val_mse,test_mse,train_mre,val_mre,test_mre
m7,8.172892570495605,5.761973857879639,7.378908634185791,9.451299667358398,8.437682151794434,8.09694766998291
