model,train_mse,val_mse,test_mse,train_mre,val_mre,test_mre
m10,7.576659202575684,4.170874118804932,2.758971929550171,10.554242134094238,5.722261428833008,20.85212516784668
