model,train_mse,val_mse,test_mse,train_mre,val_mre,test_mre
m8,4.926534652709961,5.559582233428955,9.467284202575684,8.054398536682129,7.666608810424805,6.1763596534729
