model,train_mse,val_mse,test_mse,train_mre,val_mre,test_mre
m5,15.341699600219727,20.855224609375,6.243133544921875,15.394814491271973,17.591556549072266,15.27997875213623
