model,train_mse,val_mse,test_mse,train_mre,val_mre,test_mre
m5,9.237531661987305,9.13902759552002,1.3786745071411133,10.862127304077148,11.604628562927246,9.949512481689453
