model,train_mse,val_mse,test_mse,train_mre,val_mre,test_mre
m7,12.105230331420898,15.481609344482422,2.8572747707366943,11.176383018493652,11.36942195892334,8.41965389251709
