model,train_mse,val_mse,test_mse,train_mre,val_mre,test_mre
m2,12.871068000793457,14.23363971710205,11.42298412322998,11.581315040588379,11.62448787689209,6.615952968597412
