model,train_mse,val_mse,test_mse,train_mre,val_mre,test_mre
m6,9.243682861328125,11.416253089904785,8.748991966247559,12.372014999389648,11.109825134277344,10.33110523223877
