model,train_mse,val_mse,test_mse,train_mre,val_mre,test_mre
m8,7.558864116668701,8.841423988342285,6.352497100830078,9.269920349121094,9.126870155334473,5.451932430267334
