model,train_mse,val_mse,test_mse,train_mre,val_mre,test_mre
m4,8.504218101501465,7.073550701141357,14.021624565124512,10.641437530517578,8.93064022064209,9.074821472167969
