model,train_mse,val_mse,test_mse,train_mre,val_mre,test_mre
m3,17.113737106323242,26.19626235961914,53.60481262207031,17.9481201171875,19.558746337890625,14.643450736999512
