model,train_mse,val_mse,test_mse,train_mre,val_mre,test_mre
m9,10.696843147277832,4.406683921813965,9.042847633361816,10.701231002807617,9.255707740783691,10.806632995605469
