model,train_mse,val_mse,test_mse,train_mre,val_mre,test_mre
m5,14.962526321411133,20.17225456237793,12.7748441696167,12.389528274536133,11.470800399780273,8.070131301879883
