model,train_mse,val_mse,test_mse,train_mre,val_mre,test_mre
m2,10.515643119812012,8.277305603027344,15.341687202453613,10.395842552185059,11.41501522064209,12.196724891662598
