model,train_mse,val_mse,test_mse,train_mre,val_mre,test_mre
m4,16.516040802001953,27.484844207763672,3.0492117404937744,11.896240234375,16.886104583740234,16.336782455444336
