model,train_mse,val_mse,test_mse,train_mre,val_mre,test_mre
m4,13.790305137634277,12.318419456481934,2.7868945598602295,9.616959571838379,9.714055061340332,6.647256374359131
