model,train_mse,val_mse,test_mse,train_mre,val_mre,test_mre
m10,9.459833145141602,12.003520011901855,17.592849731445312,12.99962329864502,17.263071060180664,11.251572608947754
