model,train_mse,val_mse,test_mse,train_mre,val_mre,test_mre
m8,5.902108192443848,12.185056686401367,9.93533706665039,8.898670196533203,11.271730422973633,6.804477691650391
