model,train_mse,val_mse,test_mse,train_mre,val_mre,test_mre
m8,7.796184062957764,8.78634262084961,5.934085845947266,8.63162612915039,9.432875633239746,7.754676818847656
