model,train_mse,val_mse,test_mse,train_mre,val_mre,test_mre
m6,9.947216033935547,24.22412872314453,33.04227828979492,11.809528350830078,13.681756019592285,13.233993530273438
