model,train_mse,val_mse,test_mse,train_mre,val_mre,test_mre
m11,8.456920623779297,5.925805568695068,16.372892379760742,9.561100959777832,9.603938102722168,10.771023750305176
