model,train_mse,val_mse,test_mse,train_mre,val_mre,test_mre
m9,14.483034133911133,20.34668731689453,24.63649559020996,15.550010681152344,14.404451370239258,10.66393756866455
