model,train_mse,val_mse,test_mse,train_mre,val_mre,test_mre
m4,10.785683631896973,11.006088256835938,9.904519081115723,11.433642387390137,14.578559875488281,10.69657039642334
