model,train_mse,val_mse,test_mse,train_mre,val_mre,test_mre
m2,8.701447486877441,8.36446762084961,34.13267517089844,9.748129844665527,10.180891036987305,12.243202209472656
