model,train_mse,val_mse,test_mse,train_mre,val_mre,test_mre
m11,5.958636283874512,3.0046849250793457,5.733931064605713,7.914700984954834,7.66213846206665,4.814855098724365
