model,train_mse,val_mse,test_mse,train_mre,val_mre,test_mre
m3,17.250490188598633,28.38181495666504,40.48748779296875,16.289474487304688,19.70061683654785,13.034649848937988
