model,train_mse,val_mse,test_mse,train_mre,val_mre,test_mre
m11,5.888706684112549,5.280662536621094,5.466402530670166,8.054314613342285,10.151650428771973,5.63390588760376
