model,train_mse,val_mse,test_mse,train_mre,val_mre,test_mre
m5,21.044876098632812,13.915846824645996,22.622756958007812,12.405404090881348,11.59384536743164,12.408275604248047
