model,train_mse,val_mse,test_mse,train_mre,val_mre,test_mre
m10,10.15568733215332,7.052700519561768,3.0532312393188477,10.891534805297852,12.424659729003906,9.30532169342041
