model,train_mse,val_mse,test_mse,train_mre,val_mre,test_mre
m11,5.85379695892334,7.381228923797607,11.904067039489746,8.153416633605957,9.512063026428223,11.916851997375488
