model,train_mse,val_mse,test_mse,train_mre,val_mre,test_mre
m10,7.510956287384033,12.487066268920898,4.817355632781982,10.638327598571777,14.280658721923828,13.156636238098145
