model,train_mse,val_mse,test_mse,train_mre,val_mre,test_mre
m11,6.490593910217285,8.788239479064941,4.281667232513428,9.717560768127441,13.720175743103027,9.883299827575684
