model,train_mse,val_mse,test_mse,train_mre,val_mre,test_mre
m4,13.682976722717285,9.68381404876709,21.406326293945312,11.760542869567871,11.33981990814209,13.663748741149902
