model,train_mse,val_mse,test_mse,train_mre,val_mre,test_mre
m4,8.198793411254883,10.05933666229248,28.75281524658203,12.31874942779541,8.58859634399414,11.465744018554688
