model,train_mse,val_mse,test_mse,train_mre,val_mre,test_mre
m12,4.838754653930664,5.73956298828125,14.784464836120605,7.16398811340332,8.893046379089355,7.067781925201416
