model,train_mse,val_mse,test_mse,train_mre,val_mre,test_mre
m2,15.70896053314209,16.634246826171875,10.747614860534668,14.440987586975098,10.963587760925293,13.980530738830566
