model,train_mse,val_mse,test_mse,train_mre,val_mre,test_mre
m11,7.583476543426514,10.778218269348145,6.110019683837891,10.071951866149902,8.503742218017578,5.462032794952393
