model,train_mse,val_mse,test_mse,train_mre,val_mre,test_mre
m5,10.13148021697998,17.69293212890625,18.641456604003906,11.360217094421387,11.860856056213379,15.184470176696777
