model,train_mse,val_mse,test_mse,train_mre,val_mre,test_mre
m6,11.062639236450195,19.87984275817871,14.977934837341309,14.599925994873047,14.8157958984375,21.966394424438477
