model,train_mse,val_mse,test_mse,train_mre,val_mre,test_mre
m8,6.94014835357666,3.3251335620880127,5.787717819213867,9.011292457580566,9.59570026397705,6.3093719482421875
