model,train_mse,val_mse,test_mse,train_mre,val_mre,test_mre
m1,13.425140380859375,22.72475814819336,16.257219314575195,13.164265632629395,16.25065040588379,10.973607063293457
