model,train_mse,val_mse,test_mse,train_mre,val_mre,test_mre
m5,12.249134063720703,6.841574668884277,26.98329734802246,12.947096824645996,9.610276222229004,6.823975086212158
