model,train_mse,val_mse,test_mse,train_mre,val_mre,test_mre
m1,12.67115306854248,18.618282318115234,25.191495895385742,17.3646240234375,23.415348052978516,12.183295249938965
