model,train_mse,val_mse,test_mse,train_mre,val_mre,test_mre
m4,5.471805572509766,11.769371032714844,6.513206958770752,7.725321292877197,11.100281715393066,14.6522216796875
