model,train_mse,val_mse,test_mse,train_mre,val_mre,test_mre
m12,4.294243335723877,4.261298656463623,13.698498725891113,7.238997459411621,8.140889167785645,7.393232822418213
