model,train_mse,val_mse,test_mse,train_mre,val_mre,test_mre
m11,7.819189548492432,8.421358108520508,4.868505954742432,9.946552276611328,10.215554237365723,9.26065731048584
