model,train_mse,val_mse,test_mse,train_mre,val_mre,test_mre
m1,15.388192176818848,8.80001163482666,29.591720581054688,13.61502456665039,14.432487487792969,10.49438190460205
