model,train_mse,val_mse,test_mse,train_mre,val_mre,test_mre
m8,4.96482515335083,13.989587783813477,8.419485092163086,9.158099174499512,11.270112991333008,6.655977725982666
