model,train_mse,val_mse,test_mse,train_mre,val_mre,test_mre
m1,24.625574111938477,14.85535717010498,23.631418228149414,15.430072784423828,12.192764282226562,16.303590774536133
