model,train_mse,val_mse,test_mse,train_mre,val_mre,test_mre
m9,7.9691619873046875,7.41273307800293,4.813052654266357,9.651725769042969,8.282608032226562,9.799080848693848
