model,train_mse,val_mse,test_mse,train_mre,val_mre,test_mre
m7,14.644052505493164,12.857781410217285,22.343013763427734,11.18463134765625,16.182464599609375,13.166438102722168
