model,train_mse,val_mse,test_mse,train_mre,val_mre,test_mre
m3,14.00444507598877,19.92294692993164,69.80572509765625,14.78749942779541,21.28792381286621,13.94852352142334
