model,train_mse,val_mse,test_mse,train_mre,val_mre,test_mre
m4,6.586911678314209,12.683916091918945,11.505577087402344,8.155921936035156,11.431415557861328,9.337122917175293
