model,train_mse,val_mse,test_mse,train_mre,val_mre,test_mre
m2,13.333215713500977,23.73359489440918,2.381359338760376,12.654204368591309,14.45858097076416,14.760235786437988
