model,train_mse,val_mse,test_mse,train_mre,val_mre,test_mre
m10,10.41710090637207,12.440740585327148,10.300220489501953,10.802471160888672,11.129265785217285,12.743794441223145
