model,train_mse,val_mse,test_mse,train_mre,val_mre,test_mre
m1,7.003300189971924,6.0748372077941895,1.6607221364974976,7.490525245666504,7.095674991607666,5.754936695098877
