model,train_mse,val_mse,test_mse,train_mre,val_mre,test_mre
m1,18.65143585205078,11.715594291687012,11.137368202209473,18.44410514831543,17.49500846862793,8.352483749389648
