model,train_mse,val_mse,test_mse,train_mre,val_mre,test_mre
m5,9.533061981201172,5.965921401977539,13.15457820892334,10.204265594482422,10.60488510131836,5.843574047088623
