model,train_mse,val_mse,test_mse,train_mre,val_mre,test_mre
m10,8.18200969696045,10.737262725830078,2.9829728603363037,10.832324028015137,11.720319747924805,5.473471641540527
