model,train_mse,val_mse,test_mse,train_mre,val_mre,test_mre
m12,3.5371317863464355,3.2475836277008057,2.2910568714141846,6.790470600128174,8.213163375854492,12.507452964782715
