model,train_mse,val_mse,test_mse,train_mre,val_mre,test_mre
m5,9.064197540283203,13.150749206542969,32.61980056762695,11.135740280151367,11.679034233093262,11.949325561523438
