model,train_mse,val_mse,test_mse,train_mre,val_mre,test_mre
m3,13.837404251098633,15.29830551147461,5.919750213623047,10.357232093811035,11.875028610229492,23.36188316345215
