model,train_mse,val_mse,test_mse,train_mre,val_mre,test_mre
m11,5.641757011413574,6.743458271026611,18.212087631225586,8.911499977111816,9.23953628540039,7.7361297607421875
