model,train_mse,val_mse,test_mse,train_mre,val_mre,test_mre
m10,11.501314163208008,23.329221725463867,40.28797149658203,14.995829582214355,15.487407684326172,13.257942199707031
