model,train_mse,val_mse,test_mse,train_mre,val_mre,test_mre
m10,9.970699310302734,6.322280406951904,5.25346040725708,10.879508018493652,11.95723819732666,17.488161087036133
