model,train_mse,val_mse,test_mse,train_mre,val_mre,test_mre
m1,15.294188499450684,13.672853469848633,31.57726287841797,18.982458114624023,25.376493453979492,19.18642234802246
