model,train_mse,val_mse,test_mse,train_mre,val_mre,test_mre
m3,14.799567222595215,9.062347412109375,3.120684862136841,12.63308048248291,13.444191932678223,14.416096687316895
