model,train_mse,val_mse,test_mse,train_mre,val_mre,test_mre
m6,8.031171798706055,6.630875110626221,5.938516139984131,9.69473648071289,12.673584938049316,5.549414157867432
