model,train_mse,val_mse,test_mse,train_mre,val_mre,test_mre
m5,15.163557052612305,13.533148765563965,4.774957180023193,13.626948356628418,11.69946575164795,11.25402545928955
