model,train_mse,val_mse,test_mse,train_mre,val_mre,test_mre
m8,7.404720783233643,3.8655951023101807,5.915078639984131,8.018994331359863,7.430525779724121,11.386238098144531
