model,train_mse,val_mse,test_mse,train_mre,val_mre,test_mre
m10,11.578471183776855,13.890439987182617,24.999191284179688,11.724140167236328,10.700613021850586,10.02247428894043
