model,train_mse,val_mse,test_mse,train_mre,val_mre,test_mre
m12,5.587920188903809,7.38761568069458,19.28348731994629,9.540800094604492,10.316169738769531,9.219706535339355
