model,train_mse,val_mse,test_mse,train_mre,val_mre,test_mre
m10,9.711816787719727,11.624049186706543,4.93851900100708,10.50705623626709,9.967131614685059,6.8071465492248535
