model,train_mse,val_mse,test_mse,train_mre,val_mre,test_mre
m9,9.678791046142578,8.608842849731445,8.066344261169434,11.65212631225586,7.982639312744141,8.616034507751465
