model,train_mse,val_mse,test_mse,train_mre,val_mre,test_mre
m12,4.095092296600342,5.463973045349121,3.7810585498809814,8.466833114624023,8.524385452270508,3.8914382457733154
