model,train_mse,val_mse,test_mse,train_mre,val_mre,test_mre
m10,9.667784690856934,5.915561199188232,11.102295875549316,14.363269805908203,8.80379581451416,16.48300552368164
