model,train_mse,val_mse,test_mse,train_mre,val_mre,test_mre
m11,8.622333526611328,17.50791358947754,2.556185245513916,9.590950012207031,14.784478187561035,11.534622192382812
