model,train_mse,val_mse,test_mse,train_mre,val_mre,test_mre
m12,4.984762191772461,5.204330921173096,2.1291768550872803,7.488009929656982,8.326597213745117,6.622896194458008
