model,train_mse,val_mse,test_mse,train_mre,val_mre,test_mre
m11,4.826803207397461,7.738155841827393,10.443955421447754,7.624978065490723,7.891204833984375,19.916221618652344
