model,train_mse,val_mse,test_mse,train_mre,val_mre,test_mre
m1,13.728140830993652,17.642295837402344,9.335471153259277,11.962244033813477,10.777298927307129,11.870460510253906
