model,train_mse,val_mse,test_mse,train_mre,val_mre,test_mre
m3,18.548810958862305,12.755383491516113,2.3898134231567383,14.182880401611328,14.299389839172363,16.070661544799805
