model,train_mse,val_mse,test_mse,train_mre,val_mre,test_mre
m2,11.70837688446045,7.824119567871094,9.051044464111328,15.4581937789917,21.97759246826172,10.295498847961426
