model,train_mse,val_mse,test_mse,train_mre,val_mre,test_mre
m10,12.68733024597168,15.206921577453613,10.734724998474121,12.30379867553711,9.925339698791504,8.661149978637695
