model,train_mse,val_mse,test_mse,train_mre,val_mre,test_mre
m10,6.825368404388428,11.586641311645508,7.6502156257629395,9.023768424987793,11.847467422485352,7.743438243865967
