model,train_mse,val_mse,test_mse,train_mre,val_mre,test_mre
m2,11.979313850402832,10.416657447814941,6.240746021270752,11.727008819580078,12.432001113891602,8.70909309387207
