model,train_mse,val_mse,test_mse,train_mre,val_mre,test_mre
m7,7.922464847564697,5.992175102233887,9.345226287841797,7.82511043548584,7.774648666381836,12.90942668914795
