model,train_mse,val_mse,test_mse,train_mre,val_mre,test_mre
m5,20.588829040527344,21.826295852661133,6.614984035491943,19.17598533630371,19.332979202270508,22.36426544189453
