model,train_mse,val_mse,test_mse,train_mre,val_mre,test_mre
m2,17.34973907470703,11.892248153686523,3.013678789138794,12.042346954345703,11.749932289123535,17.143470764160156
