model,train_mse,val_mse,test_mse,train_mre,val_mre,test_mre
m2,14.708052635192871,19.616899490356445,38.26359939575195,13.474109649658203,12.086332321166992,9.55484676361084
