model,train_mse,val_mse,test_mse,train_mre,val_mre,test_mre
m7,8.46227741241455,13.46493148803711,14.145716667175293,11.215696334838867,9.65891170501709,9.981854438781738
