model,train_mse,val_mse,test_mse,train_mre,val_mre,test_mre
m7,7.534343719482422,7.997036457061768,4.67051362991333,10.811980247497559,10.67006778717041,12.435755729675293
