model,train_mse,val_mse,test_mse,train_mre,val_mre,test_mre
m6,11.112579345703125,15.394775390625,10.733345985412598,11.439216613769531,12.490598678588867,10.71396541595459
