model,train_mse,val_mse,test_mse,train_mre,val_mre,test_mre
m5,21.385683059692383,21.49901008605957,51.0845832824707,16.74315071105957,16.82682228088379,15.80224323272705
