model,train_mse,val_mse,test_mse,train_mre,val_mre,test_mre
m10,12.44330883026123,22.41666603088379,33.5571403503418,14.892390251159668,9.3641357421875,9.559935569763184
