model,train_mse,val_mse,test_mse,train_mre,val_mre,test_mre
m10,13.068310737609863,14.566035270690918,37.828330993652344,12.779007911682129,11.00336742401123,13.126038551330566
