model,train_mse,val_mse,test_mse,train_mre,val_mre,test_mre
m9,8.709637641906738,18.57920265197754,6.073694229125977,11.45135498046875,10.064250946044922,5.098104953765869
