model,train_mse,val_mse,test_mse,train_mre,val_mre,test_mre
m2,12.787952423095703,7.903862476348877,5.720760345458984,9.128859519958496,9.072306632995605,7.165904998779297
