model,train_mse,val_mse,test_mse,train_mre,val_mre,test_mre
m11,6.538836479187012,8.693046569824219,10.560005187988281,10.056541442871094,9.335386276245117,10.771438598632812
