model,train_mse,val_mse,test_mse,train_mre,val_mre,test_mre
m8,8.065455436706543,8.860122680664062,2.3573806285858154,9.52872085571289,14.116479873657227,12.631278038024902
