model,train_mse,val_mse,test_mse,train_mre,val_mre,test_mre
m5,10.67003345489502,4.284562110900879,8.572219848632812,8.382515907287598,9.375480651855469,13.760457038879395
