model,train_mse,val_mse,test_mse,train_mre,val_mre,test_mre
m2,18.507524490356445,15.842084884643555,5.660926818847656,15.892121315002441,18.752168655395508,18.61326789855957
