model,train_mse,val_mse,test_mse,train_mre,val_mre,test_mre
m6,12.514176368713379,14.065961837768555,12.54482650756836,12.937233924865723,10.433691024780273,8.468265533447266
