model,train_mse,val_mse,test_mse,train_mre,val_mre,test_mre
m8,7.21560001373291,4.091728210449219,1.0174826383590698,10.295079231262207,8.596890449523926,8.458220481872559
