model,train_mse,val_mse,test_mse,train_mre,val_mre,test_mre
m11,3.7519681453704834,4.053367614746094,4.83131742477417,7.039887428283691,6.218619346618652,8.01113224029541
