model,train_mse,val_mse,test_mse,train_mre,val_mre,test_mre
m4,6.833670616149902,6.285671710968018,6.487812519073486,12.349864959716797,19.74598503112793,5.698909759521484
