model,train_mse,val_mse,test_mse,train_mre,val_mre,test_mre
m10,10.355297088623047,8.878344535827637,3.640270233154297,13.333711624145508,13.842787742614746,13.0995454788208
