model,train_mse,val_mse,test_mse,train_mre,val_mre,test_mre
m12,5.003527641296387,6.679380893707275,3.7208595275878906,8.410893440246582,6.60890531539917,7.027841091156006
