model,train_mse,val_mse,test_mse,train_mre,val_mre,test_mre
m9,7.691256046295166,11.904706954956055,16.363590240478516,11.225516319274902,11.302470207214355,10.013901710510254
