model,train_mse,val_mse,test_mse,train_mre,val_mre,test_mre
m8,9.550891876220703,6.35786771774292,55.09898376464844,10.921690940856934,10.326909065246582,15.230894088745117
