model,train_mse,val_mse,test_mse,train_mre,val_mre,test_mre
m2,15.496132850646973,26.44559669494629,16.940603256225586,11.767294883728027,12.555116653442383,16.42342185974121
