model,train_mse,val_mse,test_mse,train_mre,val_mre,test_mre
m8,6.9033355712890625,9.976385116577148,14.009778022766113,8.283429145812988,12.8474702835083,8.708755493164062
