model,train_mse,val_mse,test_mse,train_mre,val_mre,test_mre
m11,8.803970336914062,5.729578971862793,1.9281383752822876,11.900541305541992,11.523935317993164,13.82353687286377
