model,train_mse,val_mse,test_mse,train_mre,val_mre,test_mre
m4,12.313346862792969,12.38529109954834,33.78627395629883,11.336525917053223,11.213086128234863,10.156442642211914
