model,train_mse,val_mse,test_mse,train_mre,val_mre,test_mre
m7,11.424665451049805,4.578128814697266,7.531623840332031,10.574790954589844,12.80634880065918,9.621638298034668
