model,train_mse,val_mse,test_mse,train_mre,val_mre,test_mre
m1,16.766616821289062,12.539872169494629,36.464111328125,17.293550491333008,22.33915138244629,12.756024360656738
