model,train_mse,val_mse,test_mse,train_mre,val_mre,test_mre
m12,5.030141353607178,6.2255353927612305,10.975624084472656,8.482895851135254,9.357906341552734,7.010817050933838
