model,train_mse,val_mse,test_mse,train_mre,val_mre,test_mre
m6,6.255941390991211,9.890210151672363,9.209938049316406,9.762532234191895,11.332329750061035,8.120014190673828
