model,train_mse,val_mse,test_mse,train_mre,val_mre,test_mre
m3,18.62446403503418,14.399040222167969,13.298381805419922,13.47231674194336,11.7994384765625,6.965517520904541
