model,train_mse,val_mse,test_mse,train_mre,val_mre,test_mre
m7,7.672653675079346,10.948982238769531,25.805978775024414,9.282787322998047,8.375548362731934,10.41461181640625
