model,train_mse,val_mse,test_mse,train_mre,val_mre,test_mre
m10,3.8035340309143066,8.256525993347168,12.730223655700684,8.563654899597168,15.02077865600586,6.6302924156188965
