model,train_mse,val_mse,test_mse,train_mre,val_mre,test_mre
m10,10.839447021484375,6.667318344116211,6.221916675567627,11.061663627624512,12.132810592651367,21.302173614501953
