model,train_mse,val_mse,test_mse,train_mre,val_mre,test_mre
m10,11.655506134033203,11.171326637268066,6.278414249420166,14.099981307983398,12.438254356384277,4.961998462677002
