model,train_mse,val_mse,test_mse,train_mre,val_mre,test_mre
m11,5.208164215087891,5.765525817871094,7.9748382568359375,9.427803993225098,8.159615516662598,8.455310821533203
