model,train_mse,val_mse,test_mse,train_mre,val_mre,test_mre
m5,12.713391304016113,18.893726348876953,47.924381256103516,13.542835235595703,15.538976669311523,15.109667778015137
