model,train_mse,val_mse,test_mse,train_mre,val_mre,test_mre
m10,9.739251136779785,4.775422096252441,10.565995216369629,11.465933799743652,13.91416072845459,10.882573127746582
