model,train_mse,val_mse,test_mse,train_mre,val_mre,test_mre
m1,12.465935707092285,13.577683448791504,15.704986572265625,10.76637077331543,13.412822723388672,8.546311378479004
