model,train_mse,val_mse,test_mse,train_mre,val_mre,test_mre
m7,12.357601165771484,15.17529582977295,23.152219772338867,14.269169807434082,16.674707412719727,16.287090301513672
