model,train_mse,val_mse,test_mse,train_mre,val_mre,test_mre
m1,19.041776657104492,10.770004272460938,5.797608852386475,13.051019668579102,12.314912796020508,13.682937622070312
