model,train_mse,val_mse,test_mse,train_mre,val_mre,test_mre
m8,7.099305152893066,8.17872428894043,7.471786022186279,11.96086311340332,10.17485237121582,8.928460121154785
