model,train_mse,val_mse,test_mse,train_mre,val_mre,test_mre
m8,10.027491569519043,9.160721778869629,4.300109386444092,10.506322860717773,11.276219367980957,9.946829795837402
