model,train_mse,val_mse,test_mse,train_mre,val_mre,test_mre
m5,14.484822273254395,25.013879776000977,6.795664310455322,14.699137687683105,16.67433738708496,18.195648193359375
