model,train_mse,val_mse,test_mse,train_mre,val_mre,test_mre
m5,12.181102752685547,12.348488807678223,3.60302472114563,13.35861873626709,12.618162155151367,17.962268829345703
