model,train_mse,val_mse,test_mse,train_mre,val_mre,test_mre
m1,16.59258270263672,38.13286590576172,33.89400100708008,15.25663948059082,19.194454193115234,14.573917388916016
