model,train_mse,val_mse,test_mse,train_mre,val_mre,test_mre
m9,10.431788444519043,10.307665824890137,17.049753189086914,12.535601615905762,12.212362289428711,11.2913179397583
