model,train_mse,val_mse,test_mse,train_mre,val_mre,test_mre
m11,8.00201416015625,10.662858009338379,7.7400593757629395,9.785340309143066,11.932363510131836,7.952873229980469
