model,train_mse,val_mse,test_mse,train_mre,val_mre,test_mre
m5,8.96615982055664,11.479533195495605,9.316131591796875,9.32601261138916,9.538601875305176,9.897086143493652
