model,train_mse,val_mse,test_mse,train_mre,val_mre,test_mre
m7,10.018701553344727,5.483067512512207,5.506126880645752,10.605978965759277,8.249238967895508,16.714292526245117
