model,train_mse,val_mse,test_mse,train_mre,val_mre,test_mre
m1,12.609203338623047,16.535409927368164,4.782665729522705,13.727097511291504,17.27793312072754,13.618362426757812
