model,train_mse,val_mse,test_mse,train_mre,val_mre,test_mre
m10,20.48383903503418,11.456534385681152,11.150761604309082,18.94267463684082,16.81053924560547,10.250750541687012
