model,train_mse,val_mse,test_mse,train_mre,val_mre,test_mre
m4,7.381209373474121,11.558514595031738,1.5286108255386353,9.605419158935547,11.645662307739258,13.787589073181152
