model,train_mse,val_mse,test_mse,train_mre,val_mre,test_mre
m8,3.68758225440979,9.409048080444336,1.5493875741958618,6.75799036026001,10.270437240600586,9.650057792663574
