model,train_mse,val_mse,test_mse,train_mre,val_mre,test_mre
m6,10.13491153717041,14.755117416381836,4.935248374938965,11.541662216186523,10.177861213684082,18.1501522064209
