model,train_mse,val_mse,test_mse,train_mre,val_mre,test_mre
m12,4.955469131469727,5.7003703117370605,5.257378101348877,8.323660850524902,7.021068096160889,4.602570533752441
