model,train_mse,val_mse,test_mse,train_mre,val_mre,test_mre
m12,3.3467581272125244,5.15457010269165,5.908748149871826,7.833098888397217,8.532015800476074,6.122291088104248
