model,train_mse,val_mse,test_mse,train_mre,val_mre,test_mre
m1,24.46087646484375,29.639965057373047,13.822278022766113,20.219709396362305,16.849609375,24.104324340820312
