model,train_mse,val_mse,test_mse,train_mre,val_mre,test_mre
m7,14.51310920715332,10.543197631835938,7.994004726409912,11.972392082214355,12.101318359375,8.027256965637207
