model,train_mse,val_mse,test_mse,train_mre,val_mre,test_mre
m12,4.502798080444336,4.774966716766357,8.281681060791016,7.757575035095215,6.202958583831787,7.933841228485107
