model,train_mse,val_mse,test_mse,train_mre,val_mre,test_mre
m2,16.978042602539062,16.040374755859375,10.166661262512207,15.282310485839844,13.374130249023438,18.695701599121094
