model,train_mse,val_mse,test_mse,train_mre,val_mre,test_mre
m9,14.663610458374023,12.153321266174316,28.493743896484375,12.995513916015625,11.50243091583252,10.534878730773926
