model,train_mse,val_mse,test_mse,train_mre,val_mre,test_mre
m5,6.514374256134033,7.082600116729736,4.652585983276367,9.243181228637695,9.690879821777344,4.291175842285156
