model,train_mse,val_mse,test_mse,train_mre,val_mre,test_mre
m9,9.664789199829102,13.66211223602295,27.413183212280273,10.877631187438965,11.74023723602295,17.39793586730957
