model,train_mse,val_mse,test_mse,train_mre,val_mre,test_mre
m3,9.969603538513184,24.68008041381836,4.77835750579834,11.651534080505371,14.502944946289062,9.995957374572754
