model,train_mse,val_mse,test_mse,train_mre,val_mre,test_mre
m3,17.785253524780273,17.227994918823242,20.10111427307129,15.110689163208008,19.24497413635254,23.800765991210938
