model,train_mse,val_mse,test_mse,train_mre,val_mre,test_mre
m8,8.962257385253906,13.61501693725586,25.2512149810791,11.842673301696777,13.127517700195312,10.268373489379883
