model,train_mse,val_mse,test_mse,train_mre,val_mre,test_mre
m8,7.740842819213867,6.315083026885986,3.781984329223633,10.114409446716309,9.672229766845703,9.728791236877441
