model,train_mse,val_mse,test_mse,train_mre,val_mre,test_mre
m5,14.869112014770508,11.005547523498535,54.69586944580078,14.472190856933594,14.487445831298828,15.065388679504395
