model,train_mse,val_mse,test_mse,train_mre,val_mre,test_mre
m10,13.459240913391113,10.314022064208984,68.65751647949219,14.154633522033691,13.812406539916992,15.670647621154785
