model,train_mse,val_mse,test_mse,train_mre,val_mre,test_mre
m8,4.0031023025512695,5.941054344177246,6.454269886016846,6.938357353210449,5.458972454071045,7.507040023803711
