model,train_mse,val_mse,test_mse,train_mre,val_mre,test_mre
m1,10.831446647644043,22.6597900390625,9.24560832977295,13.408770561218262,11.419126510620117,10.697917938232422
