model,train_mse,val_mse,test_mse,train_mre,val_mre,test_mre
m2,9.81136703491211,9.08102035522461,20.221288681030273,12.707117080688477,14.84592056274414,8.817327499389648
