model,train_mse,val_mse,test_mse,train_mre,val_mre,test_mre
m3,24.99673843383789,34.29076385498047,33.74345016479492,24.615365982055664,22.04349708557129,12.211869239807129
