model,train_mse,val_mse,test_mse,train_mre,val_mre,test_mre
m6,10.865755081176758,8.832643508911133,6.786298751831055,13.043834686279297,9.745621681213379,23.502899169921875
