model,train_mse,val_mse,test_mse,train_mre,val_mre,test_mre
m2,8.806806564331055,14.862140655517578,11.993109703063965,10.994714736938477,13.77397632598877,7.828794002532959
