model,train_mse,val_mse,test_mse,train_mre,val_mre,test_mre
m10,9.082745552062988,8.33691692352295,5.376617431640625,10.617134094238281,8.838213920593262,20.177907943725586
