model,train_mse,val_mse,test_mse,train_mre,val_mre,test_mre
m9,10.936485290527344,14.293879508972168,1.7795534133911133,11.07835865020752,10.94339656829834,11.871143341064453
