model,train_mse,val_mse,test_mse,train_mre,val_mre,test_mre
m6,14.166080474853516,11.788375854492188,4.40585470199585,13.65601921081543,18.501649856567383,6.867607593536377
