model,train_mse,val_mse,test_mse,train_mre,val_mre,test_mre
m8,5.9744086265563965,20.73198127746582,21.24326515197754,9.556330680847168,9.657831192016602,9.754417419433594
