model,train_mse,val_mse,test_mse,train_mre,val_mre,test_mre
m5,17.915016174316406,23.00783348083496,1.0783278942108154,11.711472511291504,11.474812507629395,9.567544937133789
