model,train_mse,val_mse,test_mse,train_mre,val_mre,test_mre
m6,10.415488243103027,18.358478546142578,6.111122131347656,14.43406867980957,16.854248046875,16.753198623657227
