model,train_mse,val_mse,test_mse,train_mre,val_mre,test_mre
m6,12.532645225524902,17.453969955444336,5.15263032913208,10.600388526916504,14.29848861694336,9.461640357971191
