model,train_mse,val_mse,test_mse,train_mre,val_mre,test_mre
m1,18.727195739746094,15.635856628417969,38.64435958862305,12.98966121673584,15.00112247467041,19.140832901000977
