model,train_mse,val_mse,test_mse,train_mre,val_mre,test_mre
m6,14.909507751464844,17.543142318725586,30.646018981933594,15.858238220214844,15.59221363067627,10.19748592376709
