model,train_mse,val_mse,test_mse,train_mre,val_mre,test_mre
m9,5.700534343719482,7.095048904418945,21.892465591430664,8.387238502502441,8.92874526977539,9.919440269470215
