model,train_mse,val_mse,test_mse,train_mre,val_mre,test_mre
m11,4.07269811630249,5.623542785644531,17.937620162963867,7.082398414611816,7.25819206237793,7.034142971038818
