model,train_mse,val_mse,test_mse,train_mre,val_mre,test_mre
m12,3.169482707977295,3.768364429473877,11.383013725280762,5.662001609802246,7.858083248138428,26.52667808532715
