model,train_mse,val_mse,test_mse,train_mre,val_mre,test_mre
m8,8.070079803466797,8.606595039367676,7.244647979736328,9.202242851257324,11.56997013092041,13.7401704788208
