model,train_mse,val_mse,test_mse,train_mre,val_mre,test_mre
m9,11.917313575744629,14.657896041870117,65.06096649169922,14.73421573638916,14.962714195251465,15.267857551574707
