model,train_mse,val_mse,test_mse,train_mre,val_mre,test_mre
m3,15.448741912841797,18.124065399169922,5.3804850578308105,13.784393310546875,15.976433753967285,15.169096946716309
