model,train_mse,val_mse,test_mse,train_mre,val_mre,test_mre
m10,12.15644359588623,16.550064086914062,3.160571336746216,14.877020835876465,15.281631469726562,17.473390579223633
