model,train_mse,val_mse,test_mse,train_mre,val_mre,test_mre
m11,12.596148490905762,11.509560585021973,13.430184364318848,9.359331130981445,8.787683486938477,14.986030578613281
