model,train_mse,val_mse,test_mse,train_mre,val_mre,test_mre
m5,9.151243209838867,10.995898246765137,3.761807441711426,11.685853958129883,10.392657279968262,8.363816261291504
