model,train_mse,val_mse,test_mse,train_mre,val_mre,test_mre
m1,12.274120330810547,19.94355010986328,6.257425785064697,12.065886497497559,10.25377368927002,6.748640060424805
