model,train_mse,val_mse,test_mse,train_mre,val_mre,test_mre
m1,20.755403518676758,11.169658660888672,13.735684394836426,17.522512435913086,12.271950721740723,18.08258056640625
