model,train_mse,val_mse,test_mse,train_mre,val_mre,test_mre
m3,17.216941833496094,12.942245483398438,29.477537155151367,15.402203559875488,11.22653579711914,12.077548027038574
