model,train_mse,val_mse,test_mse,train_mre,val_mre,test_mre
m7,13.035420417785645,14.818552017211914,29.4671630859375,11.334389686584473,12.443649291992188,12.417078971862793
