model,train_mse,val_mse,test_mse,train_mre,val_mre,test_mre
m4,10.509647369384766,8.646062850952148,11.90245532989502,10.605964660644531,10.08990478515625,14.519615173339844
