model,train_mse,val_mse,test_mse,train_mre,val_mre,test_mre
m9,8.941282272338867,16.11661148071289,7.521570682525635,11.351090431213379,11.931791305541992,8.739043235778809
