model,train_mse,val_mse,test_mse,train_mre,val_mre,test_mre
m10,9.75272274017334,11.836333274841309,1.673872470855713,8.683049201965332,11.081093788146973,7.865690231323242
