model,train_mse,val_mse,test_mse,train_mre,val_mre,test_mre
m11,5.882456302642822,10.990449905395508,5.22899866104126,8.237589836120605,8.25340747833252,12.05780029296875
