model,train_mse,val_mse,test_mse,train_mre,val_mre,test_mre
m2,14.146714210510254,17.36937141418457,6.122053146362305,13.946189880371094,16.114734649658203,13.611572265625
