model,train_mse,val_mse,test_mse,train_mre,val_mre,test_mre
m4,8.371195793151855,9.270059585571289,12.20266342163086,10.208757400512695,9.431269645690918,8.900188446044922
