model,train_mse,val_mse,test_mse,train_mre,val_mre,test_mre
m12,5.666511058807373,6.109014987945557,5.961799144744873,9.714658737182617,10.531082153320312,10.84284496307373
