model,train_mse,val_mse,test_mse,train_mre,val_mre,test_mre
m10,9.540303230285645,8.30514907836914,8.666337013244629,11.649106979370117,12.300787925720215,10.199874877929688
