model,train_mse,val_mse,test_mse,train_mre,val_mre,test_mre
m2,8.03750228881836,9.348359107971191,9.611403465270996,11.249658584594727,10.821929931640625,9.632938385009766
