model,train_mse,val_mse,test_mse,train_mre,val_mre,test_mre
m2,11.826180458068848,10.97923755645752,15.334049224853516,9.739775657653809,10.068577766418457,9.446173667907715
