model,train_mse,val_mse,test_mse,train_mre,val_mre,test_mre
m11,4.493199825286865,6.100124359130859,8.812918663024902,8.365934371948242,7.527754783630371,13.531474113464355
