model,train_mse,val_mse,test_mse,train_mre,val_mre,test_mre
m7,10.125346183776855,6.458402633666992,7.4342942237854,10.604846954345703,8.039436340332031,5.110012054443359
