model,train_mse,val_mse,test_mse,train_mre,val_mre,test_mre
m5,11.446192741394043,10.824455261230469,14.210680961608887,12.579978942871094,10.55343246459961,9.029946327209473
