model,train_mse,val_mse,test_mse,train_mre,val_mre,test_mre
m1,21.098758697509766,28.57008934020996,19.008041381835938,19.395179748535156,20.18108367919922,7.420513153076172
