model,train_mse,val_mse,test_mse,train_mre,val_mre,test_mre
m2,13.904040336608887,11.177042007446289,21.302125930786133,9.68675422668457,9.05626106262207,10.693885803222656
