model,train_mse,val_mse,test_mse,train_mre,val_mre,test_mre
m1,19.622709274291992,15.194306373596191,14.607499122619629,17.25754165649414,14.984199523925781,8.552891731262207
