model,train_mse,val_mse,test_mse,train_mre,val_mre,test_mre
m5,7.027185440063477,8.363235473632812,9.416463851928711,11.868998527526855,9.16727066040039,8.742533683776855
