model,train_mse,val_mse,test_mse,train_mre,val_mre,test_mre
m2,13.256516456604004,22.276033401489258,14.697197914123535,13.376771926879883,11.187678337097168,7.9251708984375
