model,train_mse,val_mse,test_mse,train_mre,val_mre,test_mre
m2,19.197309494018555,12.963719367980957,17.40697479248047,17.788108825683594,16.985305786132812,11.993606567382812
