model,train_mse,val_mse,test_mse,train_mre,val_mre,test_mre
m1,22.37033462524414,22.344388961791992,21.917715072631836,15.798266410827637,13.632283210754395,11.515617370605469
