model,train_mse,val_mse,test_mse,train_mre,val_mre,test_mre
m12,10.413786888122559,18.315706253051758,9.726542472839355,12.129047393798828,14.472681045532227,14.706934928894043
