model,train_mse,val_mse,test_mse,train_mre,val_mre,test_mre
m6,11.880792617797852,8.218027114868164,8.13742733001709,11.671891212463379,13.085699081420898,6.213070392608643
