model,train_mse,val_mse,test_mse,train_mre,val_mre,test_mre
m6,15.319933891296387,16.061328887939453,22.702726364135742,14.806658744812012,19.320796966552734,7.222408294677734
