model,train_mse,val_mse,test_mse,train_mre,val_mre,test_mre
m11,6.247382164001465,5.622374534606934,7.927106857299805,7.922415256500244,8.276520729064941,13.279973030090332
