model,train_mse,val_mse,test_mse,train_mre,val_mre,test_mre
m8,7.027156829833984,12.86132526397705,3.640193223953247,9.160147666931152,11.376310348510742,11.297703742980957
