model,train_mse,val_mse,test_mse,train_mre,val_mre,test_mre
m9,12.778382301330566,9.405238151550293,16.4950008392334,10.732209205627441,10.391254425048828,9.689343452453613
