model,train_mse,val_mse,test_mse,train_mre,val_mre,test_mre
m7,6.216165065765381,11.464961051940918,2.081895589828491,7.218371391296387,7.799205303192139,5.978747844696045
