model,train_mse,val_mse,test_mse,train_mre,val_mre,test_mre
m6,8.29079532623291,6.136960983276367,1.270452857017517,10.294537544250488,8.523183822631836,8.541730880737305
