model,train_mse,val_mse,test_mse,train_mre,val_mre,test_mre
m7,11.120038032531738,7.088511943817139,1.056441307067871,8.231803894042969,7.680377006530762,8.622047424316406
