model,train_mse,val_mse,test_mse,train_mre,val_mre,test_mre
m9,6.962649822235107,5.775908470153809,14.611756324768066,9.951397895812988,11.33730697631836,6.369711399078369
