model,train_mse,val_mse,test_mse,train_mre,val_mre,test_mre
m2,14.332051277160645,13.623433113098145,6.4254631996154785,11.631670951843262,12.127541542053223,10.646172523498535
