model,train_mse,val_mse,test_mse,train_mre,val_mre,test_mre
m10,11.319541931152344,10.207863807678223,10.118889808654785,11.83730697631836,15.729716300964355,18.313697814941406
