model,train_mse,val_mse,test_mse,train_mre,val_mre,test_mre
m7,14.743386268615723,10.076459884643555,1.5390292406082153,11.19089412689209,11.147577285766602,8.877755165100098
