model,train_mse,val_mse,test_mse,train_mre,val_mre,test_mre
m12,4.434981346130371,6.3249335289001465,6.899866580963135,8.258835792541504,7.840395450592041,4.332116603851318
