model,train_mse,val_mse,test_mse,train_mre,val_mre,test_mre
m3,15.432533264160156,23.008235931396484,46.5261344909668,13.896278381347656,16.844785690307617,11.460220336914062
