model,train_mse,val_mse,test_mse,train_mre,val_mre,test_mre
m8,8.304068565368652,17.094011306762695,12.262947082519531,9.72802734375,8.5635986328125,9.260762214660645
