model,train_mse,val_mse,test_mse,train_mre,val_mre,test_mre
m4,7.39877462387085,5.627502918243408,12.75279712677002,12.494771003723145,11.127909660339355,16.37653350830078
