model,train_mse,val_mse,test_mse,train_mre,val_mre,test_mre
m5,16.146337509155273,6.608762264251709,39.68529510498047,12.278010368347168,10.795397758483887,10.224542617797852
