model,train_mse,val_mse,test_mse,train_mre,val_mre,test_mre
m1,12.49032211303711,12.237007141113281,9.324793815612793,9.859594345092773,12.621764183044434,7.4293532371521
