model,train_mse,val_mse,test_mse,train_mre,val_mre,test_mre
m10,8.004899978637695,10.31651782989502,3.5498969554901123,9.248210906982422,10.690083503723145,9.019654273986816
