model,train_mse,val_mse,test_mse,train_mre,val_mre,test_mre
m3,8.822494506835938,8.047472953796387,3.9102745056152344,10.425948143005371,10.117730140686035,9.598055839538574
