model,train_mse,val_mse,test_mse,train_mre,val_mre,test_mre
m7,11.707544326782227,16.828720092773438,14.622200012207031,15.126768112182617,15.341279983520508,11.204582214355469
