model,train_mse,val_mse,test_mse,train_mre,val_mre,test_mre
m5,16.934274673461914,23.39840316772461,6.925110340118408,15.351103782653809,14.56818675994873,8.515185356140137
