model,train_mse,val_mse,test_mse,train_mre,val_mre,test_mre
m11,7.74133825302124,8.033169746398926,10.397370338439941,9.87574291229248,10.247644424438477,7.361332416534424
