model,train_mse,val_mse,test_mse,train_mre,val_mre,test_mre
m6,11.978975296020508,10.762516975402832,11.594298362731934,11.914258003234863,13.956361770629883,5.649906158447266
