model,train_mse,val_mse,test_mse,train_mre,val_mre,test_mre
m3,24.583192825317383,28.41217803955078,16.72974395751953,14.203703880310059,12.937281608581543,12.412979125976562
