model,train_mse,val_mse,test_mse,train_mre,val_mre,test_mre
m10,8.850439071655273,8.880390167236328,20.329912185668945,8.576025009155273,8.71060562133789,7.460902690887451
