model,train_mse,val_mse,test_mse,train_mre,val_mre,test_mre
m12,4.989041805267334,3.8976597785949707,7.750589847564697,8.744278907775879,7.917180061340332,10.982471466064453
