model,train_mse,val_mse,test_mse,train_mre,val_mre,test_mre
m4,9.138467788696289,10.713592529296875,6.8418145179748535,9.81454849243164,8.812588691711426,6.000789642333984
