model,train_mse,val_mse,test_mse,train_mre,val_mre,test_mre
m7,9.774457931518555,10.578052520751953,7.732114791870117,10.442755699157715,8.197453498840332,9.723124504089355
