model,train_mse,val_mse,test_mse,train_mre,val_mre,test_mre
m6,7.618722438812256,7.162974834442139,17.257183074951172,9.186890602111816,6.51566743850708,9.526942253112793
