model,train_mse,val_mse,test_mse,train_mre,val_mre,test_mre
m12,4.036579132080078,7.401282787322998,24.490964889526367,7.003209114074707,8.049203872680664,9.842540740966797
