model,train_mse,val_mse,test_mse,train_mre,val_mre,test_mre
m4,10.813163757324219,8.512537002563477,23.364395141601562,13.463604927062988,13.254963874816895,10.56585693359375
