model,train_mse,val_mse,test_mse,train_mre,val_mre,test_mre
m2,9.840270042419434,11.375869750976562,25.60027313232422,10.600424766540527,12.78452205657959,9.330992698669434
