model,train_mse,val_mse,test_mse,train_mre,val_mre,test_mre
m6,9.014389991760254,9.239569664001465,8.248856544494629,8.628453254699707,8.846441268920898,11.546821594238281
