model,train_mse,val_mse,test_mse,train_mre,val_mre,test_mre
m5,12.410483360290527,16.674610137939453,28.508995056152344,14.251214027404785,13.867578506469727,14.497577667236328
