model,train_mse,val_mse,test_mse,train_mre,val_mre,test_mre
m10,5.834000110626221,6.80139684677124,13.387690544128418,7.5803070068359375,8.725004196166992,11.7113618850708
