model,train_mse,val_mse,test_mse,train_mre,val_mre,test_mre
m5,9.716619491577148,11.5175142288208,6.316917896270752,13.095300674438477,13.996198654174805,5.548908710479736
