model,train_mse,val_mse,test_mse,train_mre,val_mre,test_mre
m1,24.13286018371582,20.03733253479004,10.726887702941895,15.615234375,16.605478286743164,26.191564559936523
