model,train_mse,val_mse,test_mse,train_mre,val_mre,test_mre
m7,6.501006126403809,16.8154354095459,22.9240779876709,10.188116073608398,12.268674850463867,8.856880187988281
