model,train_mse,val_mse,test_mse,train_mre,val_mre,test_mre
m12,5.186299800872803,5.047735214233398,4.079060077667236,9.96529483795166,10.033342361450195,13.088501930236816
