model,train_mse,val_mse,test_mse,train_mre,val_mre,test_mre
m11,6.00079870223999,10.71900463104248,15.772313117980957,9.596439361572266,7.890908241271973,8.633379936218262
