model,train_mse,val_mse,test_mse,train_mre,val_mre,test_mre
m2,16.68122100830078,18.399993896484375,2.6234829425811768,10.487767219543457,15.673108100891113,10.69103717803955
