model,train_mse,val_mse,test_mse,train_mre,val_mre,test_mre
m9,9.26346206665039,11.703362464904785,6.969169616699219,10.25806999206543,12.622370719909668,5.193445682525635
