model,train_mse,val_mse,test_mse,train_mre,val_mre,test_mre
m12,4.971292018890381,5.9285430908203125,4.6173481941223145,7.903576374053955,9.177824020385742,6.628973484039307
