model,train_mse,val_mse,test_mse,train_mre,val_mre,test_mre
m6,9.290834426879883,14.456355094909668,11.972245216369629,10.562870025634766,12.08018684387207,7.364237308502197
