model,train_mse,val_mse,test_mse,train_mre,val_mre,test_mre
m8,5.299773693084717,7.920649528503418,4.692628860473633,8.776671409606934,8.413287162780762,6.156205654144287
