model,train_mse,val_mse,test_mse,train_mre,val_mre,test_mre
m12,3.8229877948760986,3.2963526248931885,5.564573287963867,6.563422203063965,6.565974235534668,5.926290035247803
