model,train_mse,val_mse,test_mse,train_mre,val_mre,test_mre
m6,12.258323669433594,18.173221588134766,7.561349868774414,12.583083152770996,11.101716995239258,8.608528137207031
