model,train_mse,val_mse,test_mse,train_mre,val_mre,test_mre
m1,20.756515502929688,23.904172897338867,47.3875732421875,13.47123908996582,17.056703567504883,11.788551330566406
