model,train_mse,val_mse,test_mse,train_mre,val_mre,test_mre
m10,9.456415176391602,15.878242492675781,10.936073303222656,9.543883323669434,9.503459930419922,7.393895626068115
