model,train_mse,val_mse,test_mse,train_mre,val_mre,test_mre
m1,22.944368362426758,9.916150093078613,56.623291015625,17.017290115356445,15.04190444946289,11.996308326721191
