model,train_mse,val_mse,test_mse,train_mre,val_mre,test_mre
m1,12.398697853088379,13.964924812316895,5.833482265472412,14.131975173950195,14.7676362991333,13.47842025756836
