model,train_mse,val_mse,test_mse,train_mre,val_mre,test_mre
m12,4.496659755706787,6.194861888885498,1.7011146545410156,7.638198375701904,7.00825309753418,14.40885066986084
