model,train_mse,val_mse,test_mse,train_mre,val_mre,test_mre
m7,10.436119079589844,6.57813835144043,5.61705207824707,13.43582534790039,10.637331008911133,10.863516807556152
