model,train_mse,val_mse,test_mse,train_mre,val_mre,test_mre
m11,5.783588409423828,8.059721946716309,8.936450004577637,9.693144798278809,13.790513038635254,6.628200531005859
