model,train_mse,val_mse,test_mse,train_mre,val_mre,test_mre
m4,10.50297737121582,10.55441665649414,3.863908529281616,10.470111846923828,11.696320533752441,7.9534430503845215
