model,train_mse,val_mse,test_mse,train_mre,val_mre,test_mre
m7,6.450652122497559,8.057875633239746,6.7296271324157715,11.115376472473145,11.111879348754883,16.85061264038086
