model,train_mse,val_mse,test_mse,train_mre,val_mre,test_mre
m10,5.641761302947998,4.008560657501221,10.020849227905273,8.756562232971191,8.670538902282715,6.1005706787109375
