model,train_mse,val_mse,test_mse,train_mre,val_mre,test_mre
m12,4.104731559753418,4.206461429595947,3.1996636390686035,5.793680667877197,7.472834587097168,5.937380313873291
