model,train_mse,val_mse,test_mse,train_mre,val_mre,test_mre
m10,7.590699195861816,6.754613399505615,13.937273979187012,9.942578315734863,9.433012008666992,13.897659301757812
