model,train_mse,val_mse,test_mse,train_mre,val_mre,test_mre
m5,17.357070922851562,12.66585636138916,5.782928943634033,12.957549095153809,12.245351791381836,20.657712936401367
