model,train_mse,val_mse,test_mse,train_mre,val_mre,test_mre
m8,5.7778754234313965,4.061932563781738,10.41076946258545,7.916232585906982,7.798088550567627,6.887306213378906
