model,train_mse,val_mse,test_mse,train_mre,val_mre,test_mre
m12,2.9990296363830566,2.791688919067383,1.2578588724136353,5.937047958374023,6.18072509765625,5.957269191741943
