model,train_mse,val_mse,test_mse,train_mre,val_mre,test_mre
m12,7.961667060852051,10.644004821777344,20.647293090820312,10.798300743103027,18.306840896606445,9.873944282531738
