model,train_mse,val_mse,test_mse,train_mre,val_mre,test_mre
m3,20.870637893676758,17.59003448486328,20.38335609436035,19.225467681884766,15.53487491607666,8.497258186340332
