model,train_mse,val_mse,test_mse,train_mre,val_mre,test_mre
m11,7.6891655921936035,17.215951919555664,3.0747499465942383,8.416011810302734,10.139744758605957,6.036640167236328
