model,train_mse,val_mse,test_mse,train_mre,val_mre,test_mre
m12,5.330172538757324,11.844578742980957,11.34212589263916,6.986127853393555,9.764127731323242,8.987517356872559
