model,train_mse,val_mse,test_mse,train_mre,val_mre,test_mre
m12,8.117976188659668,6.199381351470947,5.111469268798828,11.5906982421875,10.279607772827148,15.710999488830566
