model,train_mse,val_mse,test_mse,train_mre,val_mre,test_mre
m1,21.941513061523438,15.486212730407715,8.183595657348633,14.218538284301758,10.807517051696777,6.918001651763916
