model,train_mse,val_mse,test_mse,train_mre,val_mre,test_mre
m9,16.075448989868164,12.767654418945312,3.1231167316436768,14.243538856506348,18.77328109741211,12.45797061920166
