model,train_mse,val_mse,test_mse,train_mre,val_mre,test_mre
m8,10.528397560119629,9.222418785095215,18.925783157348633,9.542327880859375,9.903618812561035,11.351557731628418
