model,train_mse,val_mse,test_mse,train_mre,val_mre,test_mre
m3,15.000420570373535,27.303848266601562,8.691669464111328,12.491776466369629,15.54030704498291,5.564029693603516
