model,train_mse,val_mse,test_mse,train_mre,val_mre,test_mre
m2,11.022777557373047,10.103821754455566,19.334016799926758,9.295201301574707,11.587644577026367,11.306477546691895
