model,train_mse,val_mse,test_mse,train_mre,val_mre,test_mre
m2,9.607850074768066,12.344183921813965,7.994611740112305,9.225505828857422,11.575063705444336,8.129490852355957
