model,train_mse,val_mse,test_mse,train_mre,val_mre,test_mre
m11,5.523279666900635,9.663932800292969,3.9640262126922607,7.634399890899658,9.836484909057617,6.74770975112915
