model,train_mse,val_mse,test_mse,train_mre,val_mre,test_mre
m9,9.078999519348145,12.35610580444336,10.460375785827637,11.752447128295898,13.928635597229004,8.605563163757324
