model,train_mse,val_mse,test_mse,train_mre,val_mre,test_mre
m6,7.283475875854492,10.902689933776855,51.28689193725586,9.080169677734375,8.32870864868164,13.538325309753418
