model,train_mse,val_mse,test_mse,train_mre,val_mre,test_mre
m1,17.945676803588867,32.34843063354492,23.960824966430664,12.258426666259766,14.45507526397705,13.447896003723145
