model,train_mse,val_mse,test_mse,train_mre,val_mre,test_mre
m6,9.189091682434082,11.330761909484863,33.148887634277344,10.75019645690918,11.509709358215332,12.654845237731934
