model,train_mse,val_mse,test_mse,train_mre,val_mre,test_mre
m3,22.67425537109375,26.493789672851562,9.772937774658203,12.872991561889648,12.38771915435791,10.762584686279297
