model,train_mse,val_mse,test_mse,train_mre,val_mre,test_mre
m4,8.767407417297363,11.175061225891113,11.759354591369629,11.006406784057617,14.874253273010254,9.217427253723145
