model,train_mse,val_mse,test_mse,train_mre,val_mre,test_mre
m5,17.065038681030273,16.08438491821289,30.153345108032227,15.41757869720459,17.750896453857422,22.55586814880371
