model,train_mse,val_mse,test_mse,train_mre,val_mre,test_mre
m9,14.05063247680664,10.618237495422363,4.709070205688477,14.728086471557617,11.135055541992188,14.070342063903809
